Workbook

Sheet Model SSD_1
A1: Model SSD_1 w/o limits | F1: Incoming goods Retail, Unit/ Week | G1: Warehouse Retail, Unit | H1: Outgoing goods Retail, Unit/ Week | I1: Orders Retail, Unit/ Week | J1: Placed orders Retail, Unit | K1: Outgoing orders Retail, Unit/ Week | L1: Incoming goods Wholesale, Unit/ Week | M1: Warehouse Wholesale, Unit | N1: Outgoing goods Wholesale, Unit/ Week | O1: Orders Wholesale, Unit/ Week | P1: Placed orders Wholesale, Unit | Q1: Outgoing orders Wholesale, Unit/ Week | R1: Incoming goods RWH, Unit/ Week | S1: Warehouse RWH, Unit | T1: Outgoing goods RWH, Unit/ Week | U1: Orders RWH, Unit/ Week | V1: Placed orders RWH, Unit | W1: Outgoing orders RWH, Unit/ Week | X1: Production Factory, Unit/ Week | Y1: Warehouse Factory, Unit | Z1: Outgoing goods Factory, Unit/ Week
A2: TIME STEP | B2: 1 | C2: Week | E2: 0 | F2: 0 | G2: =B4 -> 900 | H2: 0 | I2: 0 | J2: 0 | K2: =IF(J2>=$B$14,$B$14,0) -> 0 | L2: 0 | M2: =B10 -> 1200 | N2: 0 | O2: 0 | P2: 0 | Q2: =IF(P2>=$B$19,$B$19,0) -> 0 | R2: 0 | S2: =B15 -> 1800 | T2: =O2 -> 0 | U2: 0 | V2: 0 | W2: =IF(V2>=$B$24,$B$24,0) -> 0 | X2: 0 | Y2: =$B$20 -> 2400 | Z2: 0 | AA2: 0
E3: 1 | F3: 0 | G3: =MAX(0,G2+(F2-H2)*$B$2) -> 900 | H3: =MAX(0,IF(G3<$B$6,G3,IF(AND(G3>=$B$6+200,MOD(E3,4)=0),200+$B$6,$B$6))) -> 300 | I3: =MAX(0,($B$8-G3)+H3) -> 700 | J3: =MAX(0,I2-K2+J2) -> 0 | K3: =J3 -> 0 | L3: 0 | M3: =MAX(0,M2+(L2-N2)*$B$2) -> 1200 | N3: =IF(M3<OFFSET(K3,-$B$7,0),M3,OFFSET(K3,-$B$7,0)) -> 0 | O3: =MAX(0,$B$13-M3+N3) -> 300 | P3: =O2-Q2+P2 -> 0 | Q3: =P3 -> 0 | R3: 0 | S3: =MAX(0,S2+(R2-T2)*$B$2) -> 1800 | T3: 0 | U3: =MAX(0,($B$18-S3)+T3) -> 300 | V3: =U2+V2-W2 -> 0 | W3: =V3 -> 0 | X3: =$B$21+IF(Y3>=$B$22,-$B$21,IF(Y3>=W3*2,-$B$21*0.5,IF(W3>=Y3*2,$B$21*0.5,0))) -> 400 | Y3: =MAX(0,Y2+X2-Z2) -> 2400 | Z3: 0 | AA3: 1
A4: Initial supply Retail | B4: 900 | C4: Unit | E4: 2 | F4: =OFFSET(N4,-$B$5,0) -> 0 | G4: =MAX(0,G3+(F3-H3)*$B$2) -> 600 | H4: =MAX(0,IF(G4<$B$6,G4,IF(AND(G4>=$B$6+200,MOD(E4,4)=0),200+$B$6,$B$6))) -> 300 | I4: =MAX(0,($B$8-G4)+H4) -> 1000 | J4: =MAX(0,I3-K3+J3) -> 700 | K4: =J4 -> 700 | L4: 0 | M4: =MAX(0,M3+(L3-N3)*$B$2) -> 1200 | N4: =IF(M4<OFFSET(K4,-$B$7,0),M4,OFFSET(K4,-$B$7,0)) -> 0 | O4: =MAX(0,$B$13-M4+N4) -> 300 | P4: =O3-Q3+P3 -> 300 | Q4: =P4 -> 300 | R4: 0 | S4: =MAX(0,S3+(R3-T3)*$B$2) -> 1800 | T4: =IF(S4<OFFSET(Q4,-$B$12,0),S4,OFFSET(Q4,-$B$12,0)) -> 0 | U4: =MAX(0,($B$18-S4)+T4) -> 300 | V4: =U3+V3-W3 -> 300 | W4: =V4 -> 300 | X4: =$B$21+IF(Y4>=$B$22,-$B$21,IF(Y4>=W4*2,-$B$21*0.5,IF(W4>=Y4*2,$B$21*0.5,0))) -> 400 | Y4: =MAX(0,Y3+X3-Z3) -> 2800 | Z4: 0 | AA4: 2
A5: Delivery time to Retail | B5: 2 | C5: Week | E5: 3 | F5: =OFFSET(N5,-$B$5,0) -> 0 | G5: =MAX(0,G4+(F4-H4)*$B$2) -> 300 | H5: =MAX(0,IF(G5<$B$6,G5,IF(AND(G5>=$B$6+200,MOD(E5,4)=0),200+$B$6,$B$6))) -> 300 | I5: =MAX(0,($B$8-G5)+H5) -> 1300 | J5: =MAX(0,I4-K4+J4) -> 1000 | K5: =J5 -> 1000 | L5: =OFFSET(T5,-$B$11,0) -> 0 | M5: =MAX(0,M4+(L4-N4)*$B$2) -> 1200 | N5: =IF(M5<OFFSET(K5,-$B$7,0),M5,OFFSET(K5,-$B$7,0)) -> 700 | O5: =MAX(0,$B$13-M5+N5) -> 1000 | P5: =O4-Q4+P4 -> 300 | Q5: =P5 -> 300 | R5: 0 | S5: =MAX(0,S4+(R4-T4)*$B$2) -> 1800 | T5: =IF(S5<OFFSET(Q5,-$B$12,0),S5,OFFSET(Q5,-$B$12,0)) -> 0 | U5: =MAX(0,($B$18-S5)+T5) -> 300 | V5: =U4+V4-W4 -> 300 | W5: =V5 -> 300 | X5: =$B$21+IF(Y5>=$B$22,-$B$21,IF(Y5>=W5*2,-$B$21*0.5,IF(W5>=Y5*2,$B$21*0.5,0))) -> 400 | Y5: =MAX(0,Y4+X4-Z4) -> 3200 | Z5: =IF(Y5<OFFSET(W5,-$B$17,0),Y5,OFFSET(W5,-$B$17,0)) -> 0 | AA5: 3
A6: Average amount of sales Retail | B6: 300 | C6: Unit/ Week | E6: 4 | F6: =OFFSET(N6,-$B$5,0) -> 0 | G6: =MAX(0,G5+(F5-H5)*$B$2) -> 0 | H6: =MAX(0,IF(G6<$B$6,G6,IF(AND(G6>=$B$6+200,MOD(E6,4)=0),200+$B$6,$B$6))) -> 0 | I6: =MAX(0,($B$8-G6)+H6) -> 1300 | J6: =MAX(0,I5-K5+J5) -> 1300 | K6: =J6 -> 1300 | L6: 0 | M6: =MAX(0,M5+(L5-N5)*$B$2) -> 500 | N6: =IF(M6<OFFSET(K6,-$B$7,0),M6,OFFSET(K6,-$B$7,0)) -> 500 | O6: =MAX(0,$B$13-M6+N6) -> 1500 | P6: =O5-Q5+P5 -> 1000 | Q6: =P6 -> 1000 | R6: =OFFSET(Z6,-$B$16,0) -> 0 | S6: =MAX(0,S5+(R5-T5)*$B$2) -> 1800 | T6: =IF(S6<OFFSET(Q6,-$B$12,0),S6,OFFSET(Q6,-$B$12,0)) -> 300 | U6: =MAX(0,($B$18-S6)+T6) -> 600 | V6: =U5+V5-W5 -> 300 | W6: =V6 -> 300 | X6: =$B$21+IF(Y6>=$B$22,-$B$21,IF(Y6>=W6*2,-$B$21*0.5,IF(W6>=Y6*2,$B$21*0.5,0))) -> 400 | Y6: =MAX(0,Y5+X5-Z5) -> 3600 | Z6: =IF(Y6<OFFSET(W6,-$B$17,0),Y6,OFFSET(W6,-$B$17,0)) -> 0 | AA6: 4
A7: Time to fill oder for Retail | B7: 1 | C7: Week | E7: 5 | F7: =OFFSET(N7,-$B$5,0) -> 700 | G7: =MAX(0,G6+(F6-H6)*$B$2) -> 0 | H7: =MAX(0,IF(G7<$B$6,G7,IF(AND(G7>=$B$6+200,MOD(E7,4)=0),200+$B$6,$B$6))) -> 0 | I7: =MAX(0,($B$8-G7)+H7) -> 1300 | J7: =MAX(0,I6-K6+J6) -> 1300 | K7: =J7 -> 1300 | L7: =OFFSET(T7,-$B$11,0) -> 0 | M7: =MAX(0,M6+(L6-N6)*$B$2) -> 0 | N7: =IF(M7<OFFSET(K7,-$B$7,0),M7,OFFSET(K7,-$B$7,0)) -> 0 | O7: =MAX(0,$B$13-M7+N7) -> 1500 | P7: =O6-Q6+P6 -> 1500 | Q7: =P7 -> 1500 | R7: =OFFSET(Z7,-$B$16,0) -> 0 | S7: =MAX(0,S6+(R6-T6)*$B$2) -> 1500 | T7: =IF(S7<OFFSET(Q7,-$B$12,0),S7,OFFSET(Q7,-$B$12,0)) -> 300 | U7: =MAX(0,($B$18-S7)+T7) -> 900 | V7: =U6+V6-W6 -> 600 | W7: =V7 -> 600 | X7: =$B$21+IF(Y7>=$B$22,-$B$21,IF(Y7>=W7*2,-$B$21*0.5,IF(W7>=Y7*2,$B$21*0.5,0))) -> 400 | Y7: =MAX(0,Y6+X6-Z6) -> 4000 | Z7: =IF(Y7<OFFSET(W7,-$B$17,0),Y7,OFFSET(W7,-$B$17,0)) -> 300 | AA7: 5
A8: Desired supply Retail | B8: 1300 | C8: Unit | E8: 6 | F8: =OFFSET(N8,-$B$5,0) -> 500 | G8: =MAX(0,G7+(F7-H7)*$B$2) -> 700 | H8: =MAX(0,IF(G8<$B$6,G8,IF(AND(G8>=$B$6+200,MOD(E8,4)=0),200+$B$6,$B$6))) -> 300 | I8: =MAX(0,($B$8-G8)+H8) -> 900 | J8: =MAX(0,I7-K7+J7) -> 1300 | K8: =J8 -> 1300 | L8: =OFFSET(T8,-$B$11,0) -> 0 | M8: =MAX(0,M7+(L7-N7)*$B$2) -> 0 | N8: =IF(M8<OFFSET(K8,-$B$7,0),M8,OFFSET(K8,-$B$7,0)) -> 0 | O8: =MAX(0,$B$13-M8+N8) -> 1500 | P8: =O7-Q7+P7 -> 1500 | Q8: =P8 -> 1500 | R8: =OFFSET(Z8,-$B$16,0) -> 0 | S8: =MAX(0,S7+(R7-T7)*$B$2) -> 1200 | T8: =IF(S8<OFFSET(Q8,-$B$12,0),S8,OFFSET(Q8,-$B$12,0)) -> 1000 | U8: =MAX(0,($B$18-S8)+T8) -> 1900 | V8: =U7+V7-W7 -> 900 | W8: =V8 -> 900 | X8: =$B$21+IF(Y8>=$B$22,-$B$21,IF(Y8>=W8*2,-$B$21*0.5,IF(W8>=Y8*2,$B$21*0.5,0))) -> 400 | Y8: =MAX(0,Y7+X7-Z7) -> 4100 | Z8: =IF(Y8<OFFSET(W8,-$B$17,0),Y8,OFFSET(W8,-$B$17,0)) -> 300 | AA8: 6
E9: 7 | F9: =OFFSET(N9,-$B$5,0) -> 0 | G9: =MAX(0,G8+(F8-H8)*$B$2) -> 900 | H9: =MAX(0,IF(G9<$B$6,G9,IF(AND(G9>=$B$6+200,MOD(E9,4)=0),200+$B$6,$B$6))) -> 300 | I9: =MAX(0,($B$8-G9)+H9) -> 700 | J9: =MAX(0,I8-K8+J8) -> 900 | K9: =J9 -> 900 | L9: =OFFSET(T9,-$B$11,0) -> 300 | M9: =MAX(0,M8+(L8-N8)*$B$2) -> 0 | N9: =IF(M9<OFFSET(K9,-$B$7,0),M9,OFFSET(K9,-$B$7,0)) -> 0 | O9: =MAX(0,$B$13-M9+N9) -> 1500 | P9: =O8-Q8+P8 -> 1500 | Q9: =P9 -> 1500 | R9: =OFFSET(Z9,-$B$16,0) -> 0 | S9: =MAX(0,S8+(R8-T8)*$B$2) -> 200 | T9: =IF(S9<OFFSET(Q9,-$B$12,0),S9,OFFSET(Q9,-$B$12,0)) -> 200 | U9: =MAX(0,($B$18-S9)+T9) -> 2100 | V9: =U8+V8-W8 -> 1900 | W9: =V9 -> 1900 | X9: =$B$21+IF(Y9>=$B$22,-$B$21,IF(Y9>=W9*2,-$B$21*0.5,IF(W9>=Y9*2,$B$21*0.5,0))) -> 400 | Y9: =MAX(0,Y8+X8-Z8) -> 4200 | Z9: =IF(Y9<OFFSET(W9,-$B$17,0),Y9,OFFSET(W9,-$B$17,0)) -> 300 | AA9: 7
A10: Initial supply Wholesale | B10: 1200 | C10: Unit | E10: 8 | F10: =OFFSET(N10,-$B$5,0) -> 0 | G10: =MAX(0,G9+(F9-H9)*$B$2) -> 600 | H10: =MAX(0,IF(G10<$B$6,G10,IF(AND(G10>=$B$6+200,MOD(E10,4)=0),200+$B$6,$B$6))) -> 500 | I10: =MAX(0,($B$8-G10)+H10) -> 1200 | J10: =MAX(0,I9-K9+J9) -> 700 | K10: =J10 -> 700 | L10: =OFFSET(T10,-$B$11,0) -> 300 | M10: =MAX(0,M9+(L9-N9)*$B$2) -> 300 | N10: =IF(M10<OFFSET(K10,-$B$7,0),M10,OFFSET(K10,-$B$7,0)) -> 300 | O10: =MAX(0,$B$13-M10+N10) -> 1500 | P10: =O9-Q9+P9 -> 1500 | Q10: =P10 -> 1500 | R10: =OFFSET(Z10,-$B$16,0) -> 0 | S10: =MAX(0,S9+(R9-T9)*$B$2) -> 0 | T10: =IF(S10<OFFSET(Q10,-$B$12,0),S10,OFFSET(Q10,-$B$12,0)) -> 0 | U10: =MAX(0,($B$18-S10)+T10) -> 2100 | V10: =U9+V9-W9 -> 2100 | W10: =V10 -> 2100 | X10: =$B$21+IF(Y10>=$B$22,-$B$21,IF(Y10>=W10*2,-$B$21*0.5,IF(W10>=Y10*2,$B$21*0.5,0))) -> 400 | Y10: =MAX(0,Y9+X9-Z9) -> 4300 | Z10: =IF(Y10<OFFSET(W10,-$B$17,0),Y10,OFFSET(W10,-$B$17,0)) -> 600 | AA10: 8
A11: Delivery time to Wholesale | B11: 3 | C11: Week | E11: 9 | F11: =OFFSET(N11,-$B$5,0) -> 0 | G11: =MAX(0,G10+(F10-H10)*$B$2) -> 100 | H11: =MAX(0,IF(G11<$B$6,G11,IF(AND(G11>=$B$6+200,MOD(E11,4)=0),200+$B$6,$B$6))) -> 100 | I11: =MAX(0,($B$8-G11)+H11) -> 1300 | J11: =MAX(0,I10-K10+J10) -> 1200 | K11: =J11 -> 1200 | L11: =OFFSET(T11,-$B$11,0) -> 1000 | M11: =MAX(0,M10+(L10-N10)*$B$2) -> 300 | N11: =IF(M11<OFFSET(K11,-$B$7,0),M11,OFFSET(K11,-$B$7,0)) -> 300 | O11: =MAX(0,$B$13-M11+N11) -> 1500 | P11: =O10-Q10+P10 -> 1500 | Q11: =P11 -> 1500 | R11: =OFFSET(Z11,-$B$16,0) -> 300 | S11: =MAX(0,S10+(R10-T10)*$B$2) -> 0 | T11: =IF(S11<OFFSET(Q11,-$B$12,0),S11,OFFSET(Q11,-$B$12,0)) -> 0 | U11: =MAX(0,($B$18-S11)+T11) -> 2100 | V11: =U10+V10-W10 -> 2100 | W11: =V11 -> 2100 | X11: =$B$21+IF(Y11>=$B$22,-$B$21,IF(Y11>=W11*2,-$B$21*0.5,IF(W11>=Y11*2,$B$21*0.5,0))) -> 800 | Y11: =MAX(0,Y10+X10-Z10) -> 4100 | Z11: =IF(Y11<OFFSET(W11,-$B$17,0),Y11,OFFSET(W11,-$B$17,0)) -> 900 | AA11: 9
A12: Time to fill oder for Wholesale | B12: 2 | C12: Week | E12: 10 | F12: =OFFSET(N12,-$B$5,0) -> 300 | G12: =MAX(0,G11+(F11-H11)*$B$2) -> 0 | H12: =MAX(0,IF(G12<$B$6,G12,IF(AND(G12>=$B$6+200,MOD(E12,4)=0),200+$B$6,$B$6))) -> 0 | I12: =MAX(0,($B$8-G12)+H12) -> 1300 | J12: =MAX(0,I11-K11+J11) -> 1300 | K12: =J12 -> 1300 | L12: =OFFSET(T12,-$B$11,0) -> 200 | M12: =MAX(0,M11+(L11-N11)*$B$2) -> 1000 | N12: =IF(M12<OFFSET(K12,-$B$7,0),M12,OFFSET(K12,-$B$7,0)) -> 1000 | O12: =MAX(0,$B$13-M12+N12) -> 1500 | P12: =O11-Q11+P11 -> 1500 | Q12: =P12 -> 1500 | R12: =OFFSET(Z12,-$B$16,0) -> 300 | S12: =MAX(0,S11+(R11-T11)*$B$2) -> 300 | T12: =IF(S12<OFFSET(Q12,-$B$12,0),S12,OFFSET(Q12,-$B$12,0)) -> 300 | U12: =MAX(0,($B$18-S12)+T12) -> 2100 | V12: =U11+V11-W11 -> 2100 | W12: =V12 -> 2100 | X12: =$B$21+IF(Y12>=$B$22,-$B$21,IF(Y12>=W12*2,-$B$21*0.5,IF(W12>=Y12*2,$B$21*0.5,0))) -> 800 | Y12: =MAX(0,Y11+X11-Z11) -> 4000 | Z12: =IF(Y12<OFFSET(W12,-$B$17,0),Y12,OFFSET(W12,-$B$17,0)) -> 1900 | AA12: 10
A13: Desired supply Wholesale | B13: 1500 | C13: Unit | E13: 11 | F13: =OFFSET(N13,-$B$5,0) -> 300 | G13: =MAX(0,G12+(F12-H12)*$B$2) -> 300 | H13: =MAX(0,IF(G13<$B$6,G13,IF(AND(G13>=$B$6+200,MOD(E13,4)=0),200+$B$6,$B$6))) -> 300 | I13: =MAX(0,($B$8-G13)+H13) -> 1300 | J13: =MAX(0,I12-K12+J12) -> 1300 | K13: =J13 -> 1300 | L13: =OFFSET(T13,-$B$11,0) -> 0 | M13: =MAX(0,M12+(L12-N12)*$B$2) -> 200 | N13: =IF(M13<OFFSET(K13,-$B$7,0),M13,OFFSET(K13,-$B$7,0)) -> 200 | O13: =MAX(0,$B$13-M13+N13) -> 1500 | P13: =O12-Q12+P12 -> 1500 | Q13: =P13 -> 1500 | R13: =OFFSET(Z13,-$B$16,0) -> 300 | S13: =MAX(0,S12+(R12-T12)*$B$2) -> 300 | T13: =IF(S13<OFFSET(Q13,-$B$12,0),S13,OFFSET(Q13,-$B$12,0)) -> 300 | U13: =MAX(0,($B$18-S13)+T13) -> 2100 | V13: =U12+V12-W12 -> 2100 | W13: =V13 -> 2100 | X13: =$B$21+IF(Y13>=$B$22,-$B$21,IF(Y13>=W13*2,-$B$21*0.5,IF(W13>=Y13*2,$B$21*0.5,0))) -> 800 | Y13: =MAX(0,Y12+X12-Z12) -> 2900 | Z13: =IF(Y13<OFFSET(W13,-$B$17,0),Y13,OFFSET(W13,-$B$17,0)) -> 2100 | AA13: 11
E14: 12 | F14: =OFFSET(N14,-$B$5,0) -> 1000 | G14: =MAX(0,G13+(F13-H13)*$B$2) -> 300 | H14: =MAX(0,IF(G14<$B$6,G14,IF(AND(G14>=$B$6+200,MOD(E14,4)=0),200+$B$6,$B$6))) -> 300 | I14: =MAX(0,($B$8-G14)+H14) -> 1300 | J14: =MAX(0,I13-K13+J13) -> 1300 | K14: =J14 -> 1300 | L14: =OFFSET(T14,-$B$11,0) -> 0 | M14: =MAX(0,M13+(L13-N13)*$B$2) -> 0 | N14: =IF(M14<OFFSET(K14,-$B$7,0),M14,OFFSET(K14,-$B$7,0)) -> 0 | O14: =MAX(0,$B$13-M14+N14) -> 1500 | P14: =O13-Q13+P13 -> 1500 | Q14: =P14 -> 1500 | R14: =OFFSET(Z14,-$B$16,0) -> 600 | S14: =MAX(0,S13+(R13-T13)*$B$2) -> 300 | T14: =IF(S14<OFFSET(Q14,-$B$12,0),S14,OFFSET(Q14,-$B$12,0)) -> 300 | U14: =MAX(0,($B$18-S14)+T14) -> 2100 | V14: =U13+V13-W13 -> 2100 | W14: =V14 -> 2100 | X14: =$B$21+IF(Y14>=$B$22,-$B$21,IF(Y14>=W14*2,-$B$21*0.5,IF(W14>=Y14*2,$B$21*0.5,0))) -> 800 | Y14: =MAX(0,Y13+X13-Z13) -> 1600 | Z14: =IF(Y14<OFFSET(W14,-$B$17,0),Y14,OFFSET(W14,-$B$17,0)) -> 1600 | AA14: 12
A15: Initial supply Regional Warehouse | B15: 1800 | C15: Unit | E15: 13 | F15: =OFFSET(N15,-$B$5,0) -> 200 | G15: =MAX(0,G14+(F14-H14)*$B$2) -> 1000 | H15: =MAX(0,IF(G15<$B$6,G15,IF(AND(G15>=$B$6+200,MOD(E15,4)=0),200+$B$6,$B$6))) -> 300 | I15: =MAX(0,($B$8-G15)+H15) -> 600 | J15: =MAX(0,I14-K14+J14) -> 1300 | K15: =J15 -> 1300 | L15: =OFFSET(T15,-$B$11,0) -> 300 | M15: =MAX(0,M14+(L14-N14)*$B$2) -> 0 | N15: =IF(M15<OFFSET(K15,-$B$7,0),M15,OFFSET(K15,-$B$7,0)) -> 0 | O15: =MAX(0,$B$13-M15+N15) -> 1500 | P15: =O14-Q14+P14 -> 1500 | Q15: =P15 -> 1500 | R15: =OFFSET(Z15,-$B$16,0) -> 900 | S15: =MAX(0,S14+(R14-T14)*$B$2) -> 600 | T15: =IF(S15<OFFSET(Q15,-$B$12,0),S15,OFFSET(Q15,-$B$12,0)) -> 600 | U15: =MAX(0,($B$18-S15)+T15) -> 2100 | V15: =U14+V14-W14 -> 2100 | W15: =V15 -> 2100 | X15: =$B$21+IF(Y15>=$B$22,-$B$21,IF(Y15>=W15*2,-$B$21*0.5,IF(W15>=Y15*2,$B$21*0.5,0))) -> 1200 | Y15: =MAX(0,Y14+X14-Z14) -> 800 | Z15: =IF(Y15<OFFSET(W15,-$B$17,0),Y15,OFFSET(W15,-$B$17,0)) -> 800 | AA15: 13
A16: Delivery time to Regional Warehouse | B16: 4 | C16: Week | E16: 14 | F16: =OFFSET(N16,-$B$5,0) -> 0 | G16: =MAX(0,G15+(F15-H15)*$B$2) -> 900 | H16: =MAX(0,IF(G16<$B$6,G16,IF(AND(G16>=$B$6+200,MOD(E16,4)=0),200+$B$6,$B$6))) -> 300 | I16: =MAX(0,($B$8-G16)+H16) -> 700 | J16: =MAX(0,I15-K15+J15) -> 600 | K16: =J16 -> 600 | L16: =OFFSET(T16,-$B$11,0) -> 300 | M16: =MAX(0,M15+(L15-N15)*$B$2) -> 300 | N16: =IF(M16<OFFSET(K16,-$B$7,0),M16,OFFSET(K16,-$B$7,0)) -> 300 | O16: =MAX(0,$B$13-M16+N16) -> 1500 | P16: =O15-Q15+P15 -> 1500 | Q16: =P16 -> 1500 | R16: =OFFSET(Z16,-$B$16,0) -> 1900 | S16: =MAX(0,S15+(R15-T15)*$B$2) -> 900 | T16: =IF(S16<OFFSET(Q16,-$B$12,0),S16,OFFSET(Q16,-$B$12,0)) -> 900 | U16: =MAX(0,($B$18-S16)+T16) -> 2100 | V16: =U15+V15-W15 -> 2100 | W16: =V16 -> 2100 | X16: =$B$21+IF(Y16>=$B$22,-$B$21,IF(Y16>=W16*2,-$B$21*0.5,IF(W16>=Y16*2,$B$21*0.5,0))) -> 800 | Y16: =MAX(0,Y15+X15-Z15) -> 1200 | Z16: =IF(Y16<OFFSET(W16,-$B$17,0),Y16,OFFSET(W16,-$B$17,0)) -> 1200 | AA16: 14
A17: Time to fill oder for to Regional Warehouse | B17: 3 | C17: Week | E17: 15 | F17: =OFFSET(N17,-$B$5,0) -> 0 | G17: =MAX(0,G16+(F16-H16)*$B$2) -> 600 | H17: =MAX(0,IF(G17<$B$6,G17,IF(AND(G17>=$B$6+200,MOD(E17,4)=0),200+$B$6,$B$6))) -> 300 | I17: =MAX(0,($B$8-G17)+H17) -> 1000 | J17: =MAX(0,I16-K16+J16) -> 700 | K17: =J17 -> 700 | L17: =OFFSET(T17,-$B$11,0) -> 300 | M17: =MAX(0,M16+(L16-N16)*$B$2) -> 300 | N17: =IF(M17<OFFSET(K17,-$B$7,0),M17,OFFSET(K17,-$B$7,0)) -> 300 | O17: =MAX(0,$B$13-M17+N17) -> 1500 | P17: =O16-Q16+P16 -> 1500 | Q17: =P17 -> 1500 | R17: =OFFSET(Z17,-$B$16,0) -> 2100 | S17: =MAX(0,S16+(R16-T16)*$B$2) -> 1900 | T17: =IF(S17<OFFSET(Q17,-$B$12,0),S17,OFFSET(Q17,-$B$12,0)) -> 1500 | U17: =MAX(0,($B$18-S17)+T17) -> 1700 | V17: =U16+V16-W16 -> 2100 | W17: =V17 -> 2100 | X17: =$B$21+IF(Y17>=$B$22,-$B$21,IF(Y17>=W17*2,-$B$21*0.5,IF(W17>=Y17*2,$B$21*0.5,0))) -> 1200 | Y17: =MAX(0,Y16+X16-Z16) -> 800 | Z17: =IF(Y17<OFFSET(W17,-$B$17,0),Y17,OFFSET(W17,-$B$17,0)) -> 800 | AA17: 15
A18: Desired supply Regional Warehouse | B18: 2100 | C18: Unit | E18: 16 | F18: =OFFSET(N18,-$B$5,0) -> 300 | G18: =MAX(0,G17+(F17-H17)*$B$2) -> 300 | H18: =MAX(0,IF(G18<$B$6,G18,IF(AND(G18>=$B$6+200,MOD(E18,4)=0),200+$B$6,$B$6))) -> 300 | I18: =MAX(0,($B$8-G18)+H18) -> 1300 | J18: =MAX(0,I17-K17+J17) -> 1000 | K18: =J18 -> 1000 | L18: =OFFSET(T18,-$B$11,0) -> 600 | M18: =MAX(0,M17+(L17-N17)*$B$2) -> 300 | N18: =IF(M18<OFFSET(K18,-$B$7,0),M18,OFFSET(K18,-$B$7,0)) -> 300 | O18: =MAX(0,$B$13-M18+N18) -> 1500 | P18: =O17-Q17+P17 -> 1500 | Q18: =P18 -> 1500 | R18: =OFFSET(Z18,-$B$16,0) -> 1600 | S18: =MAX(0,S17+(R17-T17)*$B$2) -> 2500 | T18: =IF(S18<OFFSET(Q18,-$B$12,0),S18,OFFSET(Q18,-$B$12,0)) -> 1500 | U18: =MAX(0,($B$18-S18)+T18) -> 1100 | V18: =U17+V17-W17 -> 1700 | W18: =V18 -> 1700 | X18: =$B$21+IF(Y18>=$B$22,-$B$21,IF(Y18>=W18*2,-$B$21*0.5,IF(W18>=Y18*2,$B$21*0.5,0))) -> 800 | Y18: =MAX(0,Y17+X17-Z17) -> 1200 | Z18: =IF(Y18<OFFSET(W18,-$B$17,0),Y18,OFFSET(W18,-$B$17,0)) -> 1200 | AA18: 16
E19: 17 | F19: =OFFSET(N19,-$B$5,0) -> 300 | G19: =MAX(0,G18+(F18-H18)*$B$2) -> 300 | H19: =MAX(0,IF(G19<$B$6,G19,IF(AND(G19>=$B$6+200,MOD(E19,4)=0),200+$B$6,$B$6))) -> 300 | I19: =MAX(0,($B$8-G19)+H19) -> 1300 | J19: =MAX(0,I18-K18+J18) -> 1300 | K19: =J19 -> 1300 | L19: =OFFSET(T19,-$B$11,0) -> 900 | M19: =MAX(0,M18+(L18-N18)*$B$2) -> 600 | N19: =IF(M19<OFFSET(K19,-$B$7,0),M19,OFFSET(K19,-$B$7,0)) -> 600 | O19: =MAX(0,$B$13-M19+N19) -> 1500 | P19: =O18-Q18+P18 -> 1500 | Q19: =P19 -> 1500 | R19: =OFFSET(Z19,-$B$16,0) -> 800 | S19: =MAX(0,S18+(R18-T18)*$B$2) -> 2600 | T19: =IF(S19<OFFSET(Q19,-$B$12,0),S19,OFFSET(Q19,-$B$12,0)) -> 1500 | U19: =MAX(0,($B$18-S19)+T19) -> 1000 | V19: =U18+V18-W18 -> 1100 | W19: =V19 -> 1100 | X19: =$B$21+IF(Y19>=$B$22,-$B$21,IF(Y19>=W19*2,-$B$21*0.5,IF(W19>=Y19*2,$B$21*0.5,0))) -> 800 | Y19: =MAX(0,Y18+X18-Z18) -> 800 | Z19: =IF(Y19<OFFSET(W19,-$B$17,0),Y19,OFFSET(W19,-$B$17,0)) -> 800 | AA19: 17
A20: Initial supply Factory | B20: 2400 | C20: Unit | E20: 18 | F20: =OFFSET(N20,-$B$5,0) -> 300 | G20: =MAX(0,G19+(F19-H19)*$B$2) -> 300 | H20: =MAX(0,IF(G20<$B$6,G20,IF(AND(G20>=$B$6+200,MOD(E20,4)=0),200+$B$6,$B$6))) -> 300 | I20: =MAX(0,($B$8-G20)+H20) -> 1300 | J20: =MAX(0,I19-K19+J19) -> 1300 | K20: =J20 -> 1300 | L20: =OFFSET(T20,-$B$11,0) -> 1500 | M20: =MAX(0,M19+(L19-N19)*$B$2) -> 900 | N20: =IF(M20<OFFSET(K20,-$B$7,0),M20,OFFSET(K20,-$B$7,0)) -> 900 | O20: =MAX(0,$B$13-M20+N20) -> 1500 | P20: =O19-Q19+P19 -> 1500 | Q20: =P20 -> 1500 | R20: =OFFSET(Z20,-$B$16,0) -> 1200 | S20: =MAX(0,S19+(R19-T19)*$B$2) -> 1900 | T20: =IF(S20<OFFSET(Q20,-$B$12,0),S20,OFFSET(Q20,-$B$12,0)) -> 1500 | U20: =MAX(0,($B$18-S20)+T20) -> 1700 | V20: =U19+V19-W19 -> 1000 | W20: =V20 -> 1000 | X20: =$B$21+IF(Y20>=$B$22,-$B$21,IF(Y20>=W20*2,-$B$21*0.5,IF(W20>=Y20*2,$B$21*0.5,0))) -> 800 | Y20: =MAX(0,Y19+X19-Z19) -> 800 | Z20: =IF(Y20<OFFSET(W20,-$B$17,0),Y20,OFFSET(W20,-$B$17,0)) -> 800 | AA20: 18
A21: Average production Factory | B21: 800 | C21: Unit/ Week | E21: 19 | F21: =OFFSET(N21,-$B$5,0) -> 600 | G21: =MAX(0,G20+(F20-H20)*$B$2) -> 300 | H21: =MAX(0,IF(G21<$B$6,G21,IF(AND(G21>=$B$6+200,MOD(E21,4)=0),200+$B$6,$B$6))) -> 300 | I21: =MAX(0,($B$8-G21)+H21) -> 1300 | J21: =MAX(0,I20-K20+J20) -> 1300 | K21: =J21 -> 1300 | L21: =OFFSET(T21,-$B$11,0) -> 1500 | M21: =MAX(0,M20+(L20-N20)*$B$2) -> 1500 | N21: =IF(M21<OFFSET(K21,-$B$7,0),M21,OFFSET(K21,-$B$7,0)) -> 1300 | O21: =MAX(0,$B$13-M21+N21) -> 1300 | P21: =O20-Q20+P20 -> 1500 | Q21: =P21 -> 1500 | R21: =OFFSET(Z21,-$B$16,0) -> 800 | S21: =MAX(0,S20+(R20-T20)*$B$2) -> 1600 | T21: =IF(S21<OFFSET(Q21,-$B$12,0),S21,OFFSET(Q21,-$B$12,0)) -> 1500 | U21: =MAX(0,($B$18-S21)+T21) -> 2000 | V21: =U20+V20-W20 -> 1700 | W21: =V21 -> 1700 | X21: =$B$21+IF(Y21>=$B$22,-$B$21,IF(Y21>=W21*2,-$B$21*0.5,IF(W21>=Y21*2,$B$21*0.5,0))) -> 1200 | Y21: =MAX(0,Y20+X20-Z20) -> 800 | Z21: =IF(Y21<OFFSET(W21,-$B$17,0),Y21,OFFSET(W21,-$B$17,0)) -> 800 | AA21: 19
A22: Max supply Factory | B22: 10000 | C22: Unit | E22: 20 | F22: =OFFSET(N22,-$B$5,0) -> 900 | G22: =MAX(0,G21+(F21-H21)*$B$2) -> 600 | H22: =MAX(0,IF(G22<$B$6,G22,IF(AND(G22>=$B$6+200,MOD(E22,4)=0),200+$B$6,$B$6))) -> 500 | I22: =MAX(0,($B$8-G22)+H22) -> 1200 | J22: =MAX(0,I21-K21+J21) -> 1300 | K22: =J22 -> 1300 | L22: =OFFSET(T22,-$B$11,0) -> 1500 | M22: =MAX(0,M21+(L21-N21)*$B$2) -> 1700 | N22: =IF(M22<OFFSET(K22,-$B$7,0),M22,OFFSET(K22,-$B$7,0)) -> 1300 | O22: =MAX(0,$B$13-M22+N22) -> 1100 | P22: =O21-Q21+P21 -> 1300 | Q22: =P22 -> 1300 | R22: =OFFSET(Z22,-$B$16,0) -> 1200 | S22: =MAX(0,S21+(R21-T21)*$B$2) -> 900 | T22: =IF(S22<OFFSET(Q22,-$B$12,0),S22,OFFSET(Q22,-$B$12,0)) -> 900 | U22: =MAX(0,($B$18-S22)+T22) -> 2100 | V22: =U21+V21-W21 -> 2000 | W22: =V22 -> 2000 | X22: =$B$21+IF(Y22>=$B$22,-$B$21,IF(Y22>=W22*2,-$B$21*0.5,IF(W22>=Y22*2,$B$21*0.5,0))) -> 800 | Y22: =MAX(0,Y21+X21-Z21) -> 1200 | Z22: =IF(Y22<OFFSET(W22,-$B$17,0),Y22,OFFSET(W22,-$B$17,0)) -> 1100 | AA22: 20
E23: 21 | F23: =OFFSET(N23,-$B$5,0) -> 1300 | G23: =MAX(0,G22+(F22-H22)*$B$2) -> 1000 | H23: =MAX(0,IF(G23<$B$6,G23,IF(AND(G23>=$B$6+200,MOD(E23,4)=0),200+$B$6,$B$6))) -> 300 | I23: =MAX(0,($B$8-G23)+H23) -> 600 | J23: =MAX(0,I22-K22+J22) -> 1200 | K23: =J23 -> 1200 | L23: =OFFSET(T23,-$B$11,0) -> 1500 | M23: =MAX(0,M22+(L22-N22)*$B$2) -> 1900 | N23: =IF(M23<OFFSET(K23,-$B$7,0),M23,OFFSET(K23,-$B$7,0)) -> 1300 | O23: =MAX(0,$B$13-M23+N23) -> 900 | P23: =O22-Q22+P22 -> 1100 | Q23: =P23 -> 1100 | R23: =OFFSET(Z23,-$B$16,0) -> 800 | S23: =MAX(0,S22+(R22-T22)*$B$2) -> 1200 | T23: =IF(S23<OFFSET(Q23,-$B$12,0),S23,OFFSET(Q23,-$B$12,0)) -> 1200 | U23: =MAX(0,($B$18-S23)+T23) -> 2100 | V23: =U22+V22-W22 -> 2100 | W23: =V23 -> 2100 | X23: =$B$21+IF(Y23>=$B$22,-$B$21,IF(Y23>=W23*2,-$B$21*0.5,IF(W23>=Y23*2,$B$21*0.5,0))) -> 1200 | Y23: =MAX(0,Y22+X22-Z22) -> 900 | Z23: =IF(Y23<OFFSET(W23,-$B$17,0),Y23,OFFSET(W23,-$B$17,0)) -> 900 | AA23: 21
E24: 22 | F24: =OFFSET(N24,-$B$5,0) -> 1300 | G24: =MAX(0,G23+(F23-H23)*$B$2) -> 2000 | H24: =MAX(0,IF(G24<$B$6,G24,IF(AND(G24>=$B$6+200,MOD(E24,4)=0),200+$B$6,$B$6))) -> 300 | I24: =MAX(0,($B$8-G24)+H24) -> 0 | J24: =MAX(0,I23-K23+J23) -> 600 | K24: =J24 -> 600 | L24: =OFFSET(T24,-$B$11,0) -> 1500 | M24: =MAX(0,M23+(L23-N23)*$B$2) -> 2100 | N24: =IF(M24<OFFSET(K24,-$B$7,0),M24,OFFSET(K24,-$B$7,0)) -> 1200 | O24: =MAX(0,$B$13-M24+N24) -> 600 | P24: =O23-Q23+P23 -> 900 | Q24: =P24 -> 900 | R24: =OFFSET(Z24,-$B$16,0) -> 800 | S24: =MAX(0,S23+(R23-T23)*$B$2) -> 800 | T24: =IF(S24<OFFSET(Q24,-$B$12,0),S24,OFFSET(Q24,-$B$12,0)) -> 800 | U24: =MAX(0,($B$18-S24)+T24) -> 2100 | V24: =U23+V23-W23 -> 2100 | W24: =V24 -> 2100 | X24: =$B$21+IF(Y24>=$B$22,-$B$21,IF(Y24>=W24*2,-$B$21*0.5,IF(W24>=Y24*2,$B$21*0.5,0))) -> 800 | Y24: =MAX(0,Y23+X23-Z23) -> 1200 | Z24: =IF(Y24<OFFSET(W24,-$B$17,0),Y24,OFFSET(W24,-$B$17,0)) -> 1200 | AA24: 22
E25: 23 | F25: =OFFSET(N25,-$B$5,0) -> 1300 | G25: =MAX(0,G24+(F24-H24)*$B$2) -> 3000 | H25: =MAX(0,IF(G25<$B$6,G25,IF(AND(G25>=$B$6+200,MOD(E25,4)=0),200+$B$6,$B$6))) -> 300 | I25: =MAX(0,($B$8-G25)+H25) -> 0 | J25: =MAX(0,I24-K24+J24) -> 0 | K25: =J25 -> 0 | L25: =OFFSET(T25,-$B$11,0) -> 900 | M25: =MAX(0,M24+(L24-N24)*$B$2) -> 2400 | N25: =IF(M25<OFFSET(K25,-$B$7,0),M25,OFFSET(K25,-$B$7,0)) -> 600 | O25: =MAX(0,$B$13-M25+N25) -> 0 | P25: =O24-Q24+P24 -> 600 | Q25: =P25 -> 600 | R25: =OFFSET(Z25,-$B$16,0) -> 800 | S25: =MAX(0,S24+(R24-T24)*$B$2) -> 800 | T25: =IF(S25<OFFSET(Q25,-$B$12,0),S25,OFFSET(Q25,-$B$12,0)) -> 800 | U25: =MAX(0,($B$18-S25)+T25) -> 2100 | V25: =U24+V24-W24 -> 2100 | W25: =V25 -> 2100 | X25: =$B$21+IF(Y25>=$B$22,-$B$21,IF(Y25>=W25*2,-$B$21*0.5,IF(W25>=Y25*2,$B$21*0.5,0))) -> 1200 | Y25: =MAX(0,Y24+X24-Z24) -> 800 | Z25: =IF(Y25<OFFSET(W25,-$B$17,0),Y25,OFFSET(W25,-$B$17,0)) -> 800 | AA25: 23
E26: 24 | F26: =OFFSET(N26,-$B$5,0) -> 1200 | G26: =MAX(0,G25+(F25-H25)*$B$2) -> 4000 | H26: =MAX(0,IF(G26<$B$6,G26,IF(AND(G26>=$B$6+200,MOD(E26,4)=0),200+$B$6,$B$6))) -> 500 | I26: =MAX(0,($B$8-G26)+H26) -> 0 | J26: =MAX(0,I25-K25+J25) -> 0 | K26: =J26 -> 0 | L26: =OFFSET(T26,-$B$11,0) -> 1200 | M26: =MAX(0,M25+(L25-N25)*$B$2) -> 2700 | N26: =IF(M26<OFFSET(K26,-$B$7,0),M26,OFFSET(K26,-$B$7,0)) -> 0 | O26: =MAX(0,$B$13-M26+N26) -> 0 | P26: =O25-Q25+P25 -> 0 | Q26: =P26 -> 0 | R26: =OFFSET(Z26,-$B$16,0) -> 1100 | S26: =MAX(0,S25+(R25-T25)*$B$2) -> 800 | T26: =IF(S26<OFFSET(Q26,-$B$12,0),S26,OFFSET(Q26,-$B$12,0)) -> 800 | U26: =MAX(0,($B$18-S26)+T26) -> 2100 | V26: =U25+V25-W25 -> 2100 | W26: =V26 -> 2100 | X26: =$B$21+IF(Y26>=$B$22,-$B$21,IF(Y26>=W26*2,-$B$21*0.5,IF(W26>=Y26*2,$B$21*0.5,0))) -> 800 | Y26: =MAX(0,Y25+X25-Z25) -> 1200 | Z26: =IF(Y26<OFFSET(W26,-$B$17,0),Y26,OFFSET(W26,-$B$17,0)) -> 1200 | AA26: 24
E27: 25 | F27: =OFFSET(N27,-$B$5,0) -> 600 | G27: =MAX(0,G26+(F26-H26)*$B$2) -> 4700 | H27: =MAX(0,IF(G27<$B$6,G27,IF(AND(G27>=$B$6+200,MOD(E27,4)=0),200+$B$6,$B$6))) -> 300 | I27: =MAX(0,($B$8-G27)+H27) -> 0 | J27: =MAX(0,I26-K26+J26) -> 0 | K27: =J27 -> 0 | L27: =OFFSET(T27,-$B$11,0) -> 800 | M27: =MAX(0,M26+(L26-N26)*$B$2) -> 3900 | N27: =IF(M27<OFFSET(K27,-$B$7,0),M27,OFFSET(K27,-$B$7,0)) -> 0 | O27: =MAX(0,$B$13-M27+N27) -> 0 | P27: =O26-Q26+P26 -> 0 | Q27: =P27 -> 0 | R27: =OFFSET(Z27,-$B$16,0) -> 900 | S27: =MAX(0,S26+(R26-T26)*$B$2) -> 1100 | T27: =IF(S27<OFFSET(Q27,-$B$12,0),S27,OFFSET(Q27,-$B$12,0)) -> 600 | U27: =MAX(0,($B$18-S27)+T27) -> 1600 | V27: =U26+V26-W26 -> 2100 | W27: =V27 -> 2100 | X27: =$B$21+IF(Y27>=$B$22,-$B$21,IF(Y27>=W27*2,-$B$21*0.5,IF(W27>=Y27*2,$B$21*0.5,0))) -> 1200 | Y27: =MAX(0,Y26+X26-Z26) -> 800 | Z27: =IF(Y27<OFFSET(W27,-$B$17,0),Y27,OFFSET(W27,-$B$17,0)) -> 800 | AA27: 25
E28: 26 | F28: =OFFSET(N28,-$B$5,0) -> 0 | G28: =MAX(0,G27+(F27-H27)*$B$2) -> 5000 | H28: =MAX(0,IF(G28<$B$6,G28,IF(AND(G28>=$B$6+200,MOD(E28,4)=0),200+$B$6,$B$6))) -> 300 | I28: =MAX(0,($B$8-G28)+H28) -> 0 | J28: =MAX(0,I27-K27+J27) -> 0 | K28: =J28 -> 0 | L28: =OFFSET(T28,-$B$11,0) -> 800 | M28: =MAX(0,M27+(L27-N27)*$B$2) -> 4700 | N28: =IF(M28<OFFSET(K28,-$B$7,0),M28,OFFSET(K28,-$B$7,0)) -> 0 | O28: =MAX(0,$B$13-M28+N28) -> 0 | P28: =O27-Q27+P27 -> 0 | Q28: =P28 -> 0 | R28: =OFFSET(Z28,-$B$16,0) -> 1200 | S28: =MAX(0,S27+(R27-T27)*$B$2) -> 1400 | T28: =IF(S28<OFFSET(Q28,-$B$12,0),S28,OFFSET(Q28,-$B$12,0)) -> 0 | U28: =MAX(0,($B$18-S28)+T28) -> 700 | V28: =U27+V27-W27 -> 1600 | W28: =V28 -> 1600 | X28: =$B$21+IF(Y28>=$B$22,-$B$21,IF(Y28>=W28*2,-$B$21*0.5,IF(W28>=Y28*2,$B$21*0.5,0))) -> 800 | Y28: =MAX(0,Y27+X27-Z27) -> 1200 | Z28: =IF(Y28<OFFSET(W28,-$B$17,0),Y28,OFFSET(W28,-$B$17,0)) -> 1200 | AA28: 26
E29: 27 | F29: =OFFSET(N29,-$B$5,0) -> 0 | G29: =MAX(0,G28+(F28-H28)*$B$2) -> 4700 | H29: =MAX(0,IF(G29<$B$6,G29,IF(AND(G29>=$B$6+200,MOD(E29,4)=0),200+$B$6,$B$6))) -> 300 | I29: =MAX(0,($B$8-G29)+H29) -> 0 | J29: =MAX(0,I28-K28+J28) -> 0 | K29: =J29 -> 0 | L29: =OFFSET(T29,-$B$11,0) -> 800 | M29: =MAX(0,M28+(L28-N28)*$B$2) -> 5500 | N29: =IF(M29<OFFSET(K29,-$B$7,0),M29,OFFSET(K29,-$B$7,0)) -> 0 | O29: =MAX(0,$B$13-M29+N29) -> 0 | P29: =O28-Q28+P28 -> 0 | Q29: =P29 -> 0 | R29: =OFFSET(Z29,-$B$16,0) -> 800 | S29: =MAX(0,S28+(R28-T28)*$B$2) -> 2600 | T29: =IF(S29<OFFSET(Q29,-$B$12,0),S29,OFFSET(Q29,-$B$12,0)) -> 0 | U29: =MAX(0,($B$18-S29)+T29) -> 0 | V29: =U28+V28-W28 -> 700 | W29: =V29 -> 700 | X29: =$B$21+IF(Y29>=$B$22,-$B$21,IF(Y29>=W29*2,-$B$21*0.5,IF(W29>=Y29*2,$B$21*0.5,0))) -> 800 | Y29: =MAX(0,Y28+X28-Z28) -> 800 | Z29: =IF(Y29<OFFSET(W29,-$B$17,0),Y29,OFFSET(W29,-$B$17,0)) -> 800 | AA29: 27
E30: 28 | F30: =OFFSET(N30,-$B$5,0) -> 0 | G30: =MAX(0,G29+(F29-H29)*$B$2) -> 4400 | H30: =MAX(0,IF(G30<$B$6,G30,IF(AND(G30>=$B$6+200,MOD(E30,4)=0),200+$B$6,$B$6))) -> 500 | I30: =MAX(0,($B$8-G30)+H30) -> 0 | J30: =MAX(0,I29-K29+J29) -> 0 | K30: =J30 -> 0 | L30: =OFFSET(T30,-$B$11,0) -> 600 | M30: =MAX(0,M29+(L29-N29)*$B$2) -> 6300 | N30: =IF(M30<OFFSET(K30,-$B$7,0),M30,OFFSET(K30,-$B$7,0)) -> 0 | O30: =MAX(0,$B$13-M30+N30) -> 0 | P30: =O29-Q29+P29 -> 0 | Q30: =P30 -> 0 | R30: =OFFSET(Z30,-$B$16,0) -> 1200 | S30: =MAX(0,S29+(R29-T29)*$B$2) -> 3400 | T30: =IF(S30<OFFSET(Q30,-$B$12,0),S30,OFFSET(Q30,-$B$12,0)) -> 0 | U30: =MAX(0,($B$18-S30)+T30) -> 0 | V30: =U29+V29-W29 -> 0 | W30: =V30 -> 0 | X30: =$B$21+IF(Y30>=$B$22,-$B$21,IF(Y30>=W30*2,-$B$21*0.5,IF(W30>=Y30*2,$B$21*0.5,0))) -> 400 | Y30: =MAX(0,Y29+X29-Z29) -> 800 | Z30: =IF(Y30<OFFSET(W30,-$B$17,0),Y30,OFFSET(W30,-$B$17,0)) -> 800 | AA30: 28
E31: 29 | F31: =OFFSET(N31,-$B$5,0) -> 0 | G31: =MAX(0,G30+(F30-H30)*$B$2) -> 3900 | H31: =MAX(0,IF(G31<$B$6,G31,IF(AND(G31>=$B$6+200,MOD(E31,4)=0),200+$B$6,$B$6))) -> 300 | I31: =MAX(0,($B$8-G31)+H31) -> 0 | J31: =MAX(0,I30-K30+J30) -> 0 | K31: =J31 -> 0 | L31: =OFFSET(T31,-$B$11,0) -> 0 | M31: =MAX(0,M30+(L30-N30)*$B$2) -> 6900 | N31: =IF(M31<OFFSET(K31,-$B$7,0),M31,OFFSET(K31,-$B$7,0)) -> 0 | O31: =MAX(0,$B$13-M31+N31) -> 0 | P31: =O30-Q30+P30 -> 0 | Q31: =P31 -> 0 | R31: =OFFSET(Z31,-$B$16,0) -> 800 | S31: =MAX(0,S30+(R30-T30)*$B$2) -> 4600 | T31: =IF(S31<OFFSET(Q31,-$B$12,0),S31,OFFSET(Q31,-$B$12,0)) -> 0 | U31: =MAX(0,($B$18-S31)+T31) -> 0 | V31: =U30+V30-W30 -> 0 | W31: =V31 -> 0 | X31: =$B$21+IF(Y31>=$B$22,-$B$21,IF(Y31>=W31*2,-$B$21*0.5,IF(W31>=Y31*2,$B$21*0.5,0))) -> 400 | Y31: =MAX(0,Y30+X30-Z30) -> 400 | Z31: =IF(Y31<OFFSET(W31,-$B$17,0),Y31,OFFSET(W31,-$B$17,0)) -> 400 | AA31: 29
E32: 30 | F32: =OFFSET(N32,-$B$5,0) -> 0 | G32: =MAX(0,G31+(F31-H31)*$B$2) -> 3600 | H32: =MAX(0,IF(G32<$B$6,G32,IF(AND(G32>=$B$6+200,MOD(E32,4)=0),200+$B$6,$B$6))) -> 300 | I32: =MAX(0,($B$8-G32)+H32) -> 0 | J32: =MAX(0,I31-K31+J31) -> 0 | K32: =J32 -> 0 | L32: =OFFSET(T32,-$B$11,0) -> 0 | M32: =MAX(0,M31+(L31-N31)*$B$2) -> 6900 | N32: =IF(M32<OFFSET(K32,-$B$7,0),M32,OFFSET(K32,-$B$7,0)) -> 0 | O32: =MAX(0,$B$13-M32+N32) -> 0 | P32: =O31-Q31+P31 -> 0 | Q32: =P32 -> 0 | R32: =OFFSET(Z32,-$B$16,0) -> 1200 | S32: =MAX(0,S31+(R31-T31)*$B$2) -> 5400 | T32: =IF(S32<OFFSET(Q32,-$B$12,0),S32,OFFSET(Q32,-$B$12,0)) -> 0 | U32: =MAX(0,($B$18-S32)+T32) -> 0 | V32: =U31+V31-W31 -> 0 | W32: =V32 -> 0 | X32: =$B$21+IF(Y32>=$B$22,-$B$21,IF(Y32>=W32*2,-$B$21*0.5,IF(W32>=Y32*2,$B$21*0.5,0))) -> 400 | Y32: =MAX(0,Y31+X31-Z31) -> 400 | Z32: =IF(Y32<OFFSET(W32,-$B$17,0),Y32,OFFSET(W32,-$B$17,0)) -> 400 | AA32: 30
E33: 31 | F33: =OFFSET(N33,-$B$5,0) -> 0 | G33: =MAX(0,G32+(F32-H32)*$B$2) -> 3300 | H33: =MAX(0,IF(G33<$B$6,G33,IF(AND(G33>=$B$6+200,MOD(E33,4)=0),200+$B$6,$B$6))) -> 300 | I33: =MAX(0,($B$8-G33)+H33) -> 0 | J33: =MAX(0,I32-K32+J32) -> 0 | K33: =J33 -> 0 | L33: =OFFSET(T33,-$B$11,0) -> 0 | M33: =MAX(0,M32+(L32-N32)*$B$2) -> 6900 | N33: =IF(M33<OFFSET(K33,-$B$7,0),M33,OFFSET(K33,-$B$7,0)) -> 0 | O33: =MAX(0,$B$13-M33+N33) -> 0 | P33: =O32-Q32+P32 -> 0 | Q33: =P33 -> 0 | R33: =OFFSET(Z33,-$B$16,0) -> 800 | S33: =MAX(0,S32+(R32-T32)*$B$2) -> 6600 | T33: =IF(S33<OFFSET(Q33,-$B$12,0),S33,OFFSET(Q33,-$B$12,0)) -> 0 | U33: =MAX(0,($B$18-S33)+T33) -> 0 | V33: =U32+V32-W32 -> 0 | W33: =V33 -> 0 | X33: =$B$21+IF(Y33>=$B$22,-$B$21,IF(Y33>=W33*2,-$B$21*0.5,IF(W33>=Y33*2,$B$21*0.5,0))) -> 400 | Y33: =MAX(0,Y32+X32-Z32) -> 400 | Z33: =IF(Y33<OFFSET(W33,-$B$17,0),Y33,OFFSET(W33,-$B$17,0)) -> 0 | AA33: 31
E34: 32 | F34: =OFFSET(N34,-$B$5,0) -> 0 | G34: =MAX(0,G33+(F33-H33)*$B$2) -> 3000 | H34: =MAX(0,IF(G34<$B$6,G34,IF(AND(G34>=$B$6+200,MOD(E34,4)=0),200+$B$6,$B$6))) -> 500 | I34: =MAX(0,($B$8-G34)+H34) -> 0 | J34: =MAX(0,I33-K33+J33) -> 0 | K34: =J34 -> 0 | L34: =OFFSET(T34,-$B$11,0) -> 0 | M34: =MAX(0,M33+(L33-N33)*$B$2) -> 6900 | N34: =IF(M34<OFFSET(K34,-$B$7,0),M34,OFFSET(K34,-$B$7,0)) -> 0 | O34: =MAX(0,$B$13-M34+N34) -> 0 | P34: =O33-Q33+P33 -> 0 | Q34: =P34 -> 0 | R34: =OFFSET(Z34,-$B$16,0) -> 800 | S34: =MAX(0,S33+(R33-T33)*$B$2) -> 7400 | T34: =IF(S34<OFFSET(Q34,-$B$12,0),S34,OFFSET(Q34,-$B$12,0)) -> 0 | U34: =MAX(0,($B$18-S34)+T34) -> 0 | V34: =U33+V33-W33 -> 0 | W34: =V34 -> 0 | X34: =$B$21+IF(Y34>=$B$22,-$B$21,IF(Y34>=W34*2,-$B$21*0.5,IF(W34>=Y34*2,$B$21*0.5,0))) -> 400 | Y34: =MAX(0,Y33+X33-Z33) -> 800 | Z34: =IF(Y34<OFFSET(W34,-$B$17,0),Y34,OFFSET(W34,-$B$17,0)) -> 0 | AA34: 32
... E402: 400 | F402: =OFFSET(N402,-$B$5,0) -> 1100 | G402: =MAX(0,G401+(F401-H401)*$B$2) -> 600 | H402: =MAX(0,IF(G402<$B$6,G402,IF(AND(G402>=$B$6+200,MOD(E402,4)=0),200+$B$6,$B$6))) -> 500 | I402: =MAX(0,($B$8-G402)+H402) -> 1200 | J402: =MAX(0,I401-K401+J401) -> 1300 | K402: =J402 -> 1300 | L402: =OFFSET(T402,-$B$11,0) -> 0 | M402: =MAX(0,M401+(L401-N401)*$B$2) -> 200 | N402: =IF(M402<OFFSET(K402,-$B$7,0),M402,OFFSET(K402,-$B$7,0)) -> 200 | O402: =MAX(0,$B$13-M402+N402) -> 1500 | P402: =O401-Q401+P401 -> 1300 | Q402: =P402 -> 1300 | R402: =OFFSET(Z402,-$B$16,0) -> 2000 | S402: =MAX(0,S401+(R401-T401)*$B$2) -> 500 | T402: =IF(S402<OFFSET(Q402,-$B$12,0),S402,OFFSET(Q402,-$B$12,0)) -> 0 | U402: =MAX(0,($B$18-S402)+T402) -> 1600 | V402: =U401+V401-W401 -> 2100 | W402: =V402 -> 2100 | X402: =$B$21+IF(Y402>=$B$22,-$B$21,IF(Y402>=W402*2,-$B$21*0.5,IF(W402>=Y402*2,$B$21*0.5,0))) -> 800 | Y402: =MAX(0,Y401+X401-Z401) -> 2800 | Z402: =IF(Y402<OFFSET(W402,-$B$17,0),Y402,OFFSET(W402,-$B$17,0)) -> 2100 | AA402: 400
F404: =SUM(F2:F402) -> 128300 | L404: =SUM(L2:L402) -> 128600 | N404: =SUM(N2:N402) -> 129800 | R404: =SUM(R2:R402) -> 129300 | T404: =SUM(T2:T402) -> 128600 | Z404: =SUM(Z2:Z402) -> 137700

Sheet Model SSD_2
A1: Model SSD_2 with limits | F1: Incoming goods Retail, Unit/ Week | G1: Warehouse Retail, Unit | H1: Outgoing goods Retail, Unit/ Week | I1: Orders Retail, Unit/ Week | J1: Placed orders Retail, Unit | K1: Outgoing orders Retail, Unit/ Week | L1: Incoming goods Wholesale, Unit/ Week | M1: Warehouse Wholesale, Unit | N1: Outgoing goods Wholesale, Unit/ Week | O1: Orders Wholesale, Unit/ Week | P1: Placed orders Wholesale, Unit | Q1: Outgoing orders Wholesale, Unit/ Week | R1: Incoming goods RWH, Unit/ Week | S1: Warehouse RWH, Unit | T1: Outgoing goods RWH, Unit/ Week | U1: Orders RWH, Unit/ Week | V1: Placed orders RWH, Unit | W1: Outgoing orders RWH, Unit/ Week | X1: Production Factory, Unit/ Week | Y1: Warehouse Factory, Unit | Z1: Outgoing goods Factory, Unit/ Week
A2: TIME STEP | B2: 1 | C2: Week | E2: 0 | F2: 0 | G2: =B4 -> 900 | H2: 0 | I2: 0 | J2: 0 | K2: =IF(J2>=$B$14,$B$14,0) -> 0 | L2: 0 | M2: =B10 -> 1200 | N2: 0 | O2: 0 | P2: 0 | Q2: =IF(P2>=$B$20,$B$20,0) -> 0 | R2: 0 | S2: =B16 -> 1800 | T2: =O2 -> 0 | U2: 0 | V2: 0 | W2: =IF(V2>=$B$24,$B$24,0) -> 0 | X2: 0 | Y2: =$B$22 -> 2400 | Z2: 0 | AA2: 0
E3: 1 | F3: 0 | G3: =MAX(0,G2+(F2-H2)*$B$2) -> 900 | H3: =MAX(0,IF(G3<$B$6,G3,IF(AND(G3>=$B$6+200,MOD(E3,4)=0),200+$B$6,$B$6))) -> 300 | I3: =MAX(0,($B$8-G3)+H3) -> 700 | J3: =MAX(0,I2-K2+J2) -> 0 | K3: =IF(J3>=$B$14,$B$14,0) -> 0 | L3: 0 | M3: =MAX(0,M2+(L2-N2)*$B$2) -> 1200 | N3: =IF(AND(M3>=$B$14,OFFSET(K3,-$B$7,0)>=$B$14),$B$14,0) -> 0 | O3: =MAX(0,$B$13-M3+N3) -> 300 | P3: =O2-Q2+P2 -> 0 | Q3: =IF(P3>=$B$20,$B$20,0) -> 0 | R3: 0 | S3: =MAX(0,S2+(R2-T2)*$B$2) -> 1800 | T3: 0 | U3: =MAX(0,($B$19-S3)+T3) -> 300 | V3: =U2+V2-W2 -> 0 | W3: =IF(V3>=$B$24,$B$24,0) -> 0 | X3: =$B$23+IF(Y3>=$B$25,-$B$23,IF(Y3>=W3*2,-$B$23*0.5,IF(W3>=Y3*2,$B$23*0.5,0))) -> 400 | Y3: =MAX(0,Y2+X2-Z2) -> 2400 | Z3: 0 | AA3: 1
A4: Initial supply Retail | B4: 900 | C4: Unit | E4: 2 | F4: =OFFSET(N4,-$B$5,0) -> 0 | G4: =MAX(0,G3+(F3-H3)*$B$2) -> 600 | H4: =MAX(0,IF(G4<$B$6,G4,IF(AND(G4>=$B$6+200,MOD(E4,4)=0),200+$B$6,$B$6))) -> 300 | I4: =MAX(0,($B$8-G4)+H4) -> 1000 | J4: =MAX(0,I3-K3+J3) -> 700 | K4: =IF(J4>=$B$14,$B$14,0) -> 0 | L4: 0 | M4: =MAX(0,M3+(L3-N3)*$B$2) -> 1200 | N4: =IF(AND(M4>=$B$14,OFFSET(K4,-$B$7,0)>=$B$14),$B$14,0) -> 0 | O4: =MAX(0,$B$13-M4+N4) -> 300 | P4: =O3-Q3+P3 -> 300 | Q4: =IF(P4>=$B$20,$B$20,0) -> 0 | R4: 0 | S4: =MAX(0,S3+(R3-T3)*$B$2) -> 1800 | T4: =IF(AND(S4>=$B$20,OFFSET(Q4,-$B$12,0)>=$B$20),$B$20,0) -> 0 | U4: =MAX(0,($B$19-S4)+T4) -> 300 | V4: =U3+V3-W3 -> 300 | W4: =IF(V4>=$B$24,$B$24,0) -> 0 | X4: =$B$23+IF(Y4>=$B$25,-$B$23,IF(Y4>=W4*2,-$B$23*0.5,IF(W4>=Y4*2,$B$23*0.5,0))) -> 400 | Y4: =MAX(0,Y3+X3-Z3) -> 2800 | Z4: 0 | AA4: 2
A5: Delivery time to Retail | B5: 2 | C5: Week | E5: 3 | F5: =OFFSET(N5,-$B$5,0) -> 0 | G5: =MAX(0,G4+(F4-H4)*$B$2) -> 300 | H5: =MAX(0,IF(G5<$B$6,G5,IF(AND(G5>=$B$6+200,MOD(E5,4)=0),200+$B$6,$B$6))) -> 300 | I5: =MAX(0,($B$8-G5)+H5) -> 1300 | J5: =MAX(0,I4-K4+J4) -> 1700 | K5: =IF(J5>=$B$14,$B$14,0) -> 1000 | L5: =OFFSET(T5,-$B$11,0) -> 0 | M5: =MAX(0,M4+(L4-N4)*$B$2) -> 1200 | N5: =IF(AND(M5>=$B$14,OFFSET(K5,-$B$7,0)>=$B$14),$B$14,0) -> 0 | O5: =MAX(0,$B$13-M5+N5) -> 300 | P5: =O4-Q4+P4 -> 600 | Q5: =IF(P5>=$B$20,$B$20,0) -> 0 | R5: 0 | S5: =MAX(0,S4+(R4-T4)*$B$2) -> 1800 | T5: =IF(AND(S5>=$B$20,OFFSET(Q5,-$B$12,0)>=$B$20),$B$20,0) -> 0 | U5: =MAX(0,($B$19-S5)+T5) -> 300 | V5: =U4+V4-W4 -> 600 | W5: =IF(V5>=$B$24,$B$24,0) -> 0 | X5: =$B$23+IF(Y5>=$B$25,-$B$23,IF(Y5>=W5*2,-$B$23*0.5,IF(W5>=Y5*2,$B$23*0.5,0))) -> 400 | Y5: =MAX(0,Y4+X4-Z4) -> 3200 | Z5: =IF(AND(Y5>=$B$24,OFFSET(W5,-$B$18,0)>=$B$24),$B$24,0) -> 0 | AA5: 3
A6: Average amount of sales Retail | B6: 300 | C6: Unit/ Week | E6: 4 | F6: =OFFSET(N6,-$B$5,0) -> 0 | G6: =MAX(0,G5+(F5-H5)*$B$2) -> 0 | H6: =MAX(0,IF(G6<$B$6,G6,IF(AND(G6>=$B$6+200,MOD(E6,4)=0),200+$B$6,$B$6))) -> 0 | I6: =MAX(0,($B$8-G6)+H6) -> 1300 | J6: =MAX(0,I5-K5+J5) -> 2000 | K6: =IF(J6>=$B$14,$B$14,0) -> 1000 | L6: 0 | M6: =MAX(0,M5+(L5-N5)*$B$2) -> 1200 | N6: =IF(AND(M6>=$B$14,OFFSET(K6,-$B$7,0)>=$B$14),$B$14,0) -> 1000 | O6: =MAX(0,$B$13-M6+N6) -> 1300 | P6: =O5-Q5+P5 -> 900 | Q6: =IF(P6>=$B$20,$B$20,0) -> 0 | R6: =OFFSET(Z6,-$B$17,0) -> 0 | S6: =MAX(0,S5+(R5-T5)*$B$2) -> 1800 | T6: =IF(AND(S6>=$B$20,OFFSET(Q6,-$B$12,0)>=$B$20),$B$20,0) -> 0 | U6: =MAX(0,($B$19-S6)+T6) -> 300 | V6: =U5+V5-W5 -> 900 | W6: =IF(V6>=$B$24,$B$24,0) -> 0 | X6: =$B$23+IF(Y6>=$B$25,-$B$23,IF(Y6>=W6*2,-$B$23*0.5,IF(W6>=Y6*2,$B$23*0.5,0))) -> 400 | Y6: =MAX(0,Y5+X5-Z5) -> 3600 | Z6: =IF(AND(Y6>=$B$24,OFFSET(W6,-$B$18,0)>=$B$24),$B$24,0) -> 0 | AA6: 4
A7: Time to fill oder for Retail | B7: 1 | C7: Week | E7: 5 | F7: =OFFSET(N7,-$B$5,0) -> 0 | G7: =MAX(0,G6+(F6-H6)*$B$2) -> 0 | H7: =MAX(0,IF(G7<$B$6,G7,IF(AND(G7>=$B$6+200,MOD(E7,4)=0),200+$B$6,$B$6))) -> 0 | I7: =MAX(0,($B$8-G7)+H7) -> 1300 | J7: =MAX(0,I6-K6+J6) -> 2300 | K7: =IF(J7>=$B$14,$B$14,0) -> 1000 | L7: =OFFSET(T7,-$B$11,0) -> 0 | M7: =MAX(0,M6+(L6-N6)*$B$2) -> 200 | N7: =IF(AND(M7>=$B$14,OFFSET(K7,-$B$7,0)>=$B$14),$B$14,0) -> 0 | O7: =MAX(0,$B$13-M7+N7) -> 1300 | P7: =O6-Q6+P6 -> 2200 | Q7: =IF(P7>=$B$20,$B$20,0) -> 1500 | R7: =OFFSET(Z7,-$B$17,0) -> 0 | S7: =MAX(0,S6+(R6-T6)*$B$2) -> 1800 | T7: =IF(AND(S7>=$B$20,OFFSET(Q7,-$B$12,0)>=$B$20),$B$20,0) -> 0 | U7: =MAX(0,($B$19-S7)+T7) -> 300 | V7: =U6+V6-W6 -> 1200 | W7: =IF(V7>=$B$24,$B$24,0) -> 0 | X7: =$B$23+IF(Y7>=$B$25,-$B$23,IF(Y7>=W7*2,-$B$23*0.5,IF(W7>=Y7*2,$B$23*0.5,0))) -> 400 | Y7: =MAX(0,Y6+X6-Z6) -> 4000 | Z7: =IF(AND(Y7>=$B$24,OFFSET(W7,-$B$18,0)>=$B$24),$B$24,0) -> 0 | AA7: 5
A8: Desired supply Retail | B8: 1300 | C8: Unit | E8: 6 | F8: =OFFSET(N8,-$B$5,0) -> 1000 | G8: =MAX(0,G7+(F7-H7)*$B$2) -> 0 | H8: =MAX(0,IF(G8<$B$6,G8,IF(AND(G8>=$B$6+200,MOD(E8,4)=0),200+$B$6,$B$6))) -> 0 | I8: =MAX(0,($B$8-G8)+H8) -> 1300 | J8: =MAX(0,I7-K7+J7) -> 2600 | K8: =IF(J8>=$B$14,$B$14,0) -> 1000 | L8: =OFFSET(T8,-$B$11,0) -> 0 | M8: =MAX(0,M7+(L7-N7)*$B$2) -> 200 | N8: =IF(AND(M8>=$B$14,OFFSET(K8,-$B$7,0)>=$B$14),$B$14,0) -> 0 | O8: =MAX(0,$B$13-M8+N8) -> 1300 | P8: =O7-Q7+P7 -> 2000 | Q8: =IF(P8>=$B$20,$B$20,0) -> 1500 | R8: =OFFSET(Z8,-$B$17,0) -> 0 | S8: =MAX(0,S7+(R7-T7)*$B$2) -> 1800 | T8: =IF(AND(S8>=$B$20,OFFSET(Q8,-$B$12,0)>=$B$20),$B$20,0) -> 0 | U8: =MAX(0,($B$19-S8)+T8) -> 300 | V8: =U7+V7-W7 -> 1500 | W8: =IF(V8>=$B$24,$B$24,0) -> 0 | X8: =$B$23+IF(Y8>=$B$25,-$B$23,IF(Y8>=W8*2,-$B$23*0.5,IF(W8>=Y8*2,$B$23*0.5,0))) -> 400 | Y8: =MAX(0,Y7+X7-Z7) -> 4400 | Z8: =IF(AND(Y8>=$B$24,OFFSET(W8,-$B$18,0)>=$B$24),$B$24,0) -> 0 | AA8: 6
E9: 7 | F9: =OFFSET(N9,-$B$5,0) -> 0 | G9: =MAX(0,G8+(F8-H8)*$B$2) -> 1000 | H9: =MAX(0,IF(G9<$B$6,G9,IF(AND(G9>=$B$6+200,MOD(E9,4)=0),200+$B$6,$B$6))) -> 300 | I9: =MAX(0,($B$8-G9)+H9) -> 600 | J9: =MAX(0,I8-K8+J8) -> 2900 | K9: =IF(J9>=$B$14,$B$14,0) -> 1000 | L9: =OFFSET(T9,-$B$11,0) -> 0 | M9: =MAX(0,M8+(L8-N8)*$B$2) -> 200 | N9: =IF(AND(M9>=$B$14,OFFSET(K9,-$B$7,0)>=$B$14),$B$14,0) -> 0 | O9: =MAX(0,$B$13-M9+N9) -> 1300 | P9: =O8-Q8+P8 -> 1800 | Q9: =IF(P9>=$B$20,$B$20,0) -> 1500 | R9: =OFFSET(Z9,-$B$17,0) -> 0 | S9: =MAX(0,S8+(R8-T8)*$B$2) -> 1800 | T9: =IF(AND(S9>=$B$20,OFFSET(Q9,-$B$12,0)>=$B$20),$B$20,0) -> 1500 | U9: =MAX(0,($B$19-S9)+T9) -> 1800 | V9: =U8+V8-W8 -> 1800 | W9: =IF(V9>=$B$24,$B$24,0) -> 0 | X9: =$B$23+IF(Y9>=$B$25,-$B$23,IF(Y9>=W9*2,-$B$23*0.5,IF(W9>=Y9*2,$B$23*0.5,0))) -> 400 | Y9: =MAX(0,Y8+X8-Z8) -> 4800 | Z9: =IF(AND(Y9>=$B$24,OFFSET(W9,-$B$18,0)>=$B$24),$B$24,0) -> 0 | AA9: 7
A10: Initial supply Wholesale | B10: 1200 | C10: Unit | E10: 8 | F10: =OFFSET(N10,-$B$5,0) -> 0 | G10: =MAX(0,G9+(F9-H9)*$B$2) -> 700 | H10: =MAX(0,IF(G10<$B$6,G10,IF(AND(G10>=$B$6+200,MOD(E10,4)=0),200+$B$6,$B$6))) -> 500 | I10: =MAX(0,($B$8-G10)+H10) -> 1100 | J10: =MAX(0,I9-K9+J9) -> 2500 | K10: =IF(J10>=$B$14,$B$14,0) -> 1000 | L10: =OFFSET(T10,-$B$11,0) -> 0 | M10: =MAX(0,M9+(L9-N9)*$B$2) -> 200 | N10: =IF(AND(M10>=$B$14,OFFSET(K10,-$B$7,0)>=$B$14),$B$14,0) -> 0 | O10: =MAX(0,$B$13-M10+N10) -> 1300 | P10: =O9-Q9+P9 -> 1600 | Q10: =IF(P10>=$B$20,$B$20,0) -> 1500 | R10: =OFFSET(Z10,-$B$17,0) -> 0 | S10: =MAX(0,S9+(R9-T9)*$B$2) -> 300 | T10: =IF(AND(S10>=$B$20,OFFSET(Q10,-$B$12,0)>=$B$20),$B$20,0) -> 0 | U10: =MAX(0,($B$19-S10)+T10) -> 1800 | V10: =U9+V9-W9 -> 3600 | W10: =IF(V10>=$B$24,$B$24,0) -> 2000 | X10: =$B$23+IF(Y10>=$B$25,-$B$23,IF(Y10>=W10*2,-$B$23*0.5,IF(W10>=Y10*2,$B$23*0.5,0))) -> 400 | Y10: =MAX(0,Y9+X9-Z9) -> 5200 | Z10: =IF(AND(Y10>=$B$24,OFFSET(W10,-$B$18,0)>=$B$24),$B$24,0) -> 0 | AA10: 8
A11: Delivery time to Wholesale | B11: 3 | C11: Week | E11: 9 | F11: =OFFSET(N11,-$B$5,0) -> 0 | G11: =MAX(0,G10+(F10-H10)*$B$2) -> 200 | H11: =MAX(0,IF(G11<$B$6,G11,IF(AND(G11>=$B$6+200,MOD(E11,4)=0),200+$B$6,$B$6))) -> 200 | I11: =MAX(0,($B$8-G11)+H11) -> 1300 | J11: =MAX(0,I10-K10+J10) -> 2600 | K11: =IF(J11>=$B$14,$B$14,0) -> 1000 | L11: =OFFSET(T11,-$B$11,0) -> 0 | M11: =MAX(0,M10+(L10-N10)*$B$2) -> 200 | N11: =IF(AND(M11>=$B$14,OFFSET(K11,-$B$7,0)>=$B$14),$B$14,0) -> 0 | O11: =MAX(0,$B$13-M11+N11) -> 1300 | P11: =O10-Q10+P10 -> 1400 | Q11: =IF(P11>=$B$20,$B$20,0) -> 0 | R11: =OFFSET(Z11,-$B$17,0) -> 0 | S11: =MAX(0,S10+(R10-T10)*$B$2) -> 300 | T11: =IF(AND(S11>=$B$20,OFFSET(Q11,-$B$12,0)>=$B$20),$B$20,0) -> 0 | U11: =MAX(0,($B$19-S11)+T11) -> 1800 | V11: =U10+V10-W10 -> 3400 | W11: =IF(V11>=$B$24,$B$24,0) -> 2000 | X11: =$B$23+IF(Y11>=$B$25,-$B$23,IF(Y11>=W11*2,-$B$23*0.5,IF(W11>=Y11*2,$B$23*0.5,0))) -> 400 | Y11: =MAX(0,Y10+X10-Z10) -> 5600 | Z11: =IF(AND(Y11>=$B$24,OFFSET(W11,-$B$18,0)>=$B$24),$B$24,0) -> 0 | AA11: 9
A12: Time to fill oder for Wholesale | B12: 2 | C12: Week | E12: 10 | F12: =OFFSET(N12,-$B$5,0) -> 0 | G12: =MAX(0,G11+(F11-H11)*$B$2) -> 0 | H12: =MAX(0,IF(G12<$B$6,G12,IF(AND(G12>=$B$6+200,MOD(E12,4)=0),200+$B$6,$B$6))) -> 0 | I12: =MAX(0,($B$8-G12)+H12) -> 1300 | J12: =MAX(0,I11-K11+J11) -> 2900 | K12: =IF(J12>=$B$14,$B$14,0) -> 1000 | L12: =OFFSET(T12,-$B$11,0) -> 1500 | M12: =MAX(0,M11+(L11-N11)*$B$2) -> 200 | N12: =IF(AND(M12>=$B$14,OFFSET(K12,-$B$7,0)>=$B$14),$B$14,0) -> 0 | O12: =MAX(0,$B$13-M12+N12) -> 1300 | P12: =O11-Q11+P11 -> 2700 | Q12: =IF(P12>=$B$20,$B$20,0) -> 1500 | R12: =OFFSET(Z12,-$B$17,0) -> 0 | S12: =MAX(0,S11+(R11-T11)*$B$2) -> 300 | T12: =IF(AND(S12>=$B$20,OFFSET(Q12,-$B$12,0)>=$B$20),$B$20,0) -> 0 | U12: =MAX(0,($B$19-S12)+T12) -> 1800 | V12: =U11+V11-W11 -> 3200 | W12: =IF(V12>=$B$24,$B$24,0) -> 2000 | X12: =$B$23+IF(Y12>=$B$25,-$B$23,IF(Y12>=W12*2,-$B$23*0.5,IF(W12>=Y12*2,$B$23*0.5,0))) -> 400 | Y12: =MAX(0,Y11+X11-Z11) -> 6000 | Z12: =IF(AND(Y12>=$B$24,OFFSET(W12,-$B$18,0)>=$B$24),$B$24,0) -> 0 | AA12: 10
A13: Desired supply Wholesale | B13: 1500 | C13: Unit | E13: 11 | F13: =OFFSET(N13,-$B$5,0) -> 0 | G13: =MAX(0,G12+(F12-H12)*$B$2) -> 0 | H13: =MAX(0,IF(G13<$B$6,G13,IF(AND(G13>=$B$6+200,MOD(E13,4)=0),200+$B$6,$B$6))) -> 0 | I13: =MAX(0,($B$8-G13)+H13) -> 1300 | J13: =MAX(0,I12-K12+J12) -> 3200 | K13: =IF(J13>=$B$14,$B$14,0) -> 1000 | L13: =OFFSET(T13,-$B$11,0) -> 0 | M13: =MAX(0,M12+(L12-N12)*$B$2) -> 1700 | N13: =IF(AND(M13>=$B$14,OFFSET(K13,-$B$7,0)>=$B$14),$B$14,0) -> 1000 | O13: =MAX(0,$B$13-M13+N13) -> 800 | P13: =O12-Q12+P12 -> 2500 | Q13: =IF(P13>=$B$20,$B$20,0) -> 1500 | R13: =OFFSET(Z13,-$B$17,0) -> 0 | S13: =MAX(0,S12+(R12-T12)*$B$2) -> 300 | T13: =IF(AND(S13>=$B$20,OFFSET(Q13,-$B$12,0)>=$B$20),$B$20,0) -> 0 | U13: =MAX(0,($B$19-S13)+T13) -> 1800 | V13: =U12+V12-W12 -> 3000 | W13: =IF(V13>=$B$24,$B$24,0) -> 2000 | X13: =$B$23+IF(Y13>=$B$25,-$B$23,IF(Y13>=W13*2,-$B$23*0.5,IF(W13>=Y13*2,$B$23*0.5,0))) -> 400 | Y13: =MAX(0,Y12+X12-Z12) -> 6400 | Z13: =IF(AND(Y13>=$B$24,OFFSET(W13,-$B$18,0)>=$B$24),$B$24,0) -> 2000 | AA13: 11
A14: Min order size of Wholesale | B14: 1000 | C14: Unit | E14: 12 | F14: =OFFSET(N14,-$B$5,0) -> 0 | G14: =MAX(0,G13+(F13-H13)*$B$2) -> 0 | H14: =MAX(0,IF(G14<$B$6,G14,IF(AND(G14>=$B$6+200,MOD(E14,4)=0),200+$B$6,$B$6))) -> 0 | I14: =MAX(0,($B$8-G14)+H14) -> 1300 | J14: =MAX(0,I13-K13+J13) -> 3500 | K14: =IF(J14>=$B$14,$B$14,0) -> 1000 | L14: =OFFSET(T14,-$B$11,0) -> 0 | M14: =MAX(0,M13+(L13-N13)*$B$2) -> 700 | N14: =IF(AND(M14>=$B$14,OFFSET(K14,-$B$7,0)>=$B$14),$B$14,0) -> 0 | O14: =MAX(0,$B$13-M14+N14) -> 800 | P14: =O13-Q13+P13 -> 1800 | Q14: =IF(P14>=$B$20,$B$20,0) -> 1500 | R14: =OFFSET(Z14,-$B$17,0) -> 0 | S14: =MAX(0,S13+(R13-T13)*$B$2) -> 300 | T14: =IF(AND(S14>=$B$20,OFFSET(Q14,-$B$12,0)>=$B$20),$B$20,0) -> 0 | U14: =MAX(0,($B$19-S14)+T14) -> 1800 | V14: =U13+V13-W13 -> 2800 | W14: =IF(V14>=$B$24,$B$24,0) -> 2000 | X14: =$B$23+IF(Y14>=$B$25,-$B$23,IF(Y14>=W14*2,-$B$23*0.5,IF(W14>=Y14*2,$B$23*0.5,0))) -> 400 | Y14: =MAX(0,Y13+X13-Z13) -> 4800 | Z14: =IF(AND(Y14>=$B$24,OFFSET(W14,-$B$18,0)>=$B$24),$B$24,0) -> 2000 | AA14: 12
E15: 13 | F15: =OFFSET(N15,-$B$5,0) -> 1000 | G15: =MAX(0,G14+(F14-H14)*$B$2) -> 0 | H15: =MAX(0,IF(G15<$B$6,G15,IF(AND(G15>=$B$6+200,MOD(E15,4)=0),200+$B$6,$B$6))) -> 0 | I15: =MAX(0,($B$8-G15)+H15) -> 1300 | J15: =MAX(0,I14-K14+J14) -> 3800 | K15: =IF(J15>=$B$14,$B$14,0) -> 1000 | L15: =OFFSET(T15,-$B$11,0) -> 0 | M15: =MAX(0,M14+(L14-N14)*$B$2) -> 700 | N15: =IF(AND(M15>=$B$14,OFFSET(K15,-$B$7,0)>=$B$14),$B$14,0) -> 0 | O15: =MAX(0,$B$13-M15+N15) -> 800 | P15: =O14-Q14+P14 -> 1100 | Q15: =IF(P15>=$B$20,$B$20,0) -> 0 | R15: =OFFSET(Z15,-$B$17,0) -> 0 | S15: =MAX(0,S14+(R14-T14)*$B$2) -> 300 | T15: =IF(AND(S15>=$B$20,OFFSET(Q15,-$B$12,0)>=$B$20),$B$20,0) -> 0 | U15: =MAX(0,($B$19-S15)+T15) -> 1800 | V15: =U14+V14-W14 -> 2600 | W15: =IF(V15>=$B$24,$B$24,0) -> 2000 | X15: =$B$23+IF(Y15>=$B$25,-$B$23,IF(Y15>=W15*2,-$B$23*0.5,IF(W15>=Y15*2,$B$23*0.5,0))) -> 800 | Y15: =MAX(0,Y14+X14-Z14) -> 3200 | Z15: =IF(AND(Y15>=$B$24,OFFSET(W15,-$B$18,0)>=$B$24),$B$24,0) -> 2000 | AA15: 13
A16: Initial supply Regional Warehouse | B16: 1800 | C16: Unit | E16: 14 | F16: =OFFSET(N16,-$B$5,0) -> 0 | G16: =MAX(0,G15+(F15-H15)*$B$2) -> 1000 | H16: =MAX(0,IF(G16<$B$6,G16,IF(AND(G16>=$B$6+200,MOD(E16,4)=0),200+$B$6,$B$6))) -> 300 | I16: =MAX(0,($B$8-G16)+H16) -> 600 | J16: =MAX(0,I15-K15+J15) -> 4100 | K16: =IF(J16>=$B$14,$B$14,0) -> 1000 | L16: =OFFSET(T16,-$B$11,0) -> 0 | M16: =MAX(0,M15+(L15-N15)*$B$2) -> 700 | N16: =IF(AND(M16>=$B$14,OFFSET(K16,-$B$7,0)>=$B$14),$B$14,0) -> 0 | O16: =MAX(0,$B$13-M16+N16) -> 800 | P16: =O15-Q15+P15 -> 1900 | Q16: =IF(P16>=$B$20,$B$20,0) -> 1500 | R16: =OFFSET(Z16,-$B$17,0) -> 0 | S16: =MAX(0,S15+(R15-T15)*$B$2) -> 300 | T16: =IF(AND(S16>=$B$20,OFFSET(Q16,-$B$12,0)>=$B$20),$B$20,0) -> 0 | U16: =MAX(0,($B$19-S16)+T16) -> 1800 | V16: =U15+V15-W15 -> 2400 | W16: =IF(V16>=$B$24,$B$24,0) -> 2000 | X16: =$B$23+IF(Y16>=$B$25,-$B$23,IF(Y16>=W16*2,-$B$23*0.5,IF(W16>=Y16*2,$B$23*0.5,0))) -> 800 | Y16: =MAX(0,Y15+X15-Z15) -> 2000 | Z16: =IF(AND(Y16>=$B$24,OFFSET(W16,-$B$18,0)>=$B$24),$B$24,0) -> 2000 | AA16: 14
A17: Delivery time to Regional Warehouse | B17: 4 | C17: Week | E17: 15 | F17: =OFFSET(N17,-$B$5,0) -> 0 | G17: =MAX(0,G16+(F16-H16)*$B$2) -> 700 | H17: =MAX(0,IF(G17<$B$6,G17,IF(AND(G17>=$B$6+200,MOD(E17,4)=0),200+$B$6,$B$6))) -> 300 | I17: =MAX(0,($B$8-G17)+H17) -> 900 | J17: =MAX(0,I16-K16+J16) -> 3700 | K17: =IF(J17>=$B$14,$B$14,0) -> 1000 | L17: =OFFSET(T17,-$B$11,0) -> 0 | M17: =MAX(0,M16+(L16-N16)*$B$2) -> 700 | N17: =IF(AND(M17>=$B$14,OFFSET(K17,-$B$7,0)>=$B$14),$B$14,0) -> 0 | O17: =MAX(0,$B$13-M17+N17) -> 800 | P17: =O16-Q16+P16 -> 1200 | Q17: =IF(P17>=$B$20,$B$20,0) -> 0 | R17: =OFFSET(Z17,-$B$17,0) -> 2000 | S17: =MAX(0,S16+(R16-T16)*$B$2) -> 300 | T17: =IF(AND(S17>=$B$20,OFFSET(Q17,-$B$12,0)>=$B$20),$B$20,0) -> 0 | U17: =MAX(0,($B$19-S17)+T17) -> 1800 | V17: =U16+V16-W16 -> 2200 | W17: =IF(V17>=$B$24,$B$24,0) -> 2000 | X17: =$B$23+IF(Y17>=$B$25,-$B$23,IF(Y17>=W17*2,-$B$23*0.5,IF(W17>=Y17*2,$B$23*0.5,0))) -> 1200 | Y17: =MAX(0,Y16+X16-Z16) -> 800 | Z17: =IF(AND(Y17>=$B$24,OFFSET(W17,-$B$18,0)>=$B$24),$B$24,0) -> 0 | AA17: 15
A18: Time to fill oder for to Regional Warehouse | B18: 3 | C18: Week | E18: 16 | F18: =OFFSET(N18,-$B$5,0) -> 0 | G18: =MAX(0,G17+(F17-H17)*$B$2) -> 400 | H18: =MAX(0,IF(G18<$B$6,G18,IF(AND(G18>=$B$6+200,MOD(E18,4)=0),200+$B$6,$B$6))) -> 300 | I18: =MAX(0,($B$8-G18)+H18) -> 1200 | J18: =MAX(0,I17-K17+J17) -> 3600 | K18: =IF(J18>=$B$14,$B$14,0) -> 1000 | L18: =OFFSET(T18,-$B$11,0) -> 0 | M18: =MAX(0,M17+(L17-N17)*$B$2) -> 700 | N18: =IF(AND(M18>=$B$14,OFFSET(K18,-$B$7,0)>=$B$14),$B$14,0) -> 0 | O18: =MAX(0,$B$13-M18+N18) -> 800 | P18: =O17-Q17+P17 -> 2000 | Q18: =IF(P18>=$B$20,$B$20,0) -> 1500 | R18: =OFFSET(Z18,-$B$17,0) -> 2000 | S18: =MAX(0,S17+(R17-T17)*$B$2) -> 2300 | T18: =IF(AND(S18>=$B$20,OFFSET(Q18,-$B$12,0)>=$B$20),$B$20,0) -> 1500 | U18: =MAX(0,($B$19-S18)+T18) -> 1300 | V18: =U17+V17-W17 -> 2000 | W18: =IF(V18>=$B$24,$B$24,0) -> 2000 | X18: =$B$23+IF(Y18>=$B$25,-$B$23,IF(Y18>=W18*2,-$B$23*0.5,IF(W18>=Y18*2,$B$23*0.5,0))) -> 800 | Y18: =MAX(0,Y17+X17-Z17) -> 2000 | Z18: =IF(AND(Y18>=$B$24,OFFSET(W18,-$B$18,0)>=$B$24),$B$24,0) -> 2000 | AA18: 16
A19: Desired supply Regional Warehouse | B19: 2100 | C19: Unit | E19: 17 | F19: =OFFSET(N19,-$B$5,0) -> 0 | G19: =MAX(0,G18+(F18-H18)*$B$2) -> 100 | H19: =MAX(0,IF(G19<$B$6,G19,IF(AND(G19>=$B$6+200,MOD(E19,4)=0),200+$B$6,$B$6))) -> 100 | I19: =MAX(0,($B$8-G19)+H19) -> 1300 | J19: =MAX(0,I18-K18+J18) -> 3800 | K19: =IF(J19>=$B$14,$B$14,0) -> 1000 | L19: =OFFSET(T19,-$B$11,0) -> 0 | M19: =MAX(0,M18+(L18-N18)*$B$2) -> 700 | N19: =IF(AND(M19>=$B$14,OFFSET(K19,-$B$7,0)>=$B$14),$B$14,0) -> 0 | O19: =MAX(0,$B$13-M19+N19) -> 800 | P19: =O18-Q18+P18 -> 1300 | Q19: =IF(P19>=$B$20,$B$20,0) -> 0 | R19: =OFFSET(Z19,-$B$17,0) -> 2000 | S19: =MAX(0,S18+(R18-T18)*$B$2) -> 2800 | T19: =IF(AND(S19>=$B$20,OFFSET(Q19,-$B$12,0)>=$B$20),$B$20,0) -> 0 | U19: =MAX(0,($B$19-S19)+T19) -> 0 | V19: =U18+V18-W18 -> 1300 | W19: =IF(V19>=$B$24,$B$24,0) -> 0 | X19: =$B$23+IF(Y19>=$B$25,-$B$23,IF(Y19>=W19*2,-$B$23*0.5,IF(W19>=Y19*2,$B$23*0.5,0))) -> 400 | Y19: =MAX(0,Y18+X18-Z18) -> 800 | Z19: =IF(AND(Y19>=$B$24,OFFSET(W19,-$B$18,0)>=$B$24),$B$24,0) -> 0 | AA19: 17
A20: Min order size of Regional Warehouse | B20: 1500 | C20: Unit | E20: 18 | F20: =OFFSET(N20,-$B$5,0) -> 0 | G20: =MAX(0,G19+(F19-H19)*$B$2) -> 0 | H20: =MAX(0,IF(G20<$B$6,G20,IF(AND(G20>=$B$6+200,MOD(E20,4)=0),200+$B$6,$B$6))) -> 0 | I20: =MAX(0,($B$8-G20)+H20) -> 1300 | J20: =MAX(0,I19-K19+J19) -> 4100 | K20: =IF(J20>=$B$14,$B$14,0) -> 1000 | L20: =OFFSET(T20,-$B$11,0) -> 0 | M20: =MAX(0,M19+(L19-N19)*$B$2) -> 700 | N20: =IF(AND(M20>=$B$14,OFFSET(K20,-$B$7,0)>=$B$14),$B$14,0) -> 0 | O20: =MAX(0,$B$13-M20+N20) -> 800 | P20: =O19-Q19+P19 -> 2100 | Q20: =IF(P20>=$B$20,$B$20,0) -> 1500 | R20: =OFFSET(Z20,-$B$17,0) -> 2000 | S20: =MAX(0,S19+(R19-T19)*$B$2) -> 4800 | T20: =IF(AND(S20>=$B$20,OFFSET(Q20,-$B$12,0)>=$B$20),$B$20,0) -> 1500 | U20: =MAX(0,($B$19-S20)+T20) -> 0 | V20: =U19+V19-W19 -> 1300 | W20: =IF(V20>=$B$24,$B$24,0) -> 0 | X20: =$B$23+IF(Y20>=$B$25,-$B$23,IF(Y20>=W20*2,-$B$23*0.5,IF(W20>=Y20*2,$B$23*0.5,0))) -> 400 | Y20: =MAX(0,Y19+X19-Z19) -> 1200 | Z20: =IF(AND(Y20>=$B$24,OFFSET(W20,-$B$18,0)>=$B$24),$B$24,0) -> 0 | AA20: 18
E21: 19 | F21: =OFFSET(N21,-$B$5,0) -> 0 | G21: =MAX(0,G20+(F20-H20)*$B$2) -> 0 | H21: =MAX(0,IF(G21<$B$6,G21,IF(AND(G21>=$B$6+200,MOD(E21,4)=0),200+$B$6,$B$6))) -> 0 | I21: =MAX(0,($B$8-G21)+H21) -> 1300 | J21: =MAX(0,I20-K20+J20) -> 4400 | K21: =IF(J21>=$B$14,$B$14,0) -> 1000 | L21: =OFFSET(T21,-$B$11,0) -> 1500 | M21: =MAX(0,M20+(L20-N20)*$B$2) -> 700 | N21: =IF(AND(M21>=$B$14,OFFSET(K21,-$B$7,0)>=$B$14),$B$14,0) -> 0 | O21: =MAX(0,$B$13-M21+N21) -> 800 | P21: =O20-Q20+P20 -> 1400 | Q21: =IF(P21>=$B$20,$B$20,0) -> 0 | R21: =OFFSET(Z21,-$B$17,0) -> 0 | S21: =MAX(0,S20+(R20-T20)*$B$2) -> 5300 | T21: =IF(AND(S21>=$B$20,OFFSET(Q21,-$B$12,0)>=$B$20),$B$20,0) -> 0 | U21: =MAX(0,($B$19-S21)+T21) -> 0 | V21: =U20+V20-W20 -> 1300 | W21: =IF(V21>=$B$24,$B$24,0) -> 0 | X21: =$B$23+IF(Y21>=$B$25,-$B$23,IF(Y21>=W21*2,-$B$23*0.5,IF(W21>=Y21*2,$B$23*0.5,0))) -> 400 | Y21: =MAX(0,Y20+X20-Z20) -> 1600 | Z21: =IF(AND(Y21>=$B$24,OFFSET(W21,-$B$18,0)>=$B$24),$B$24,0) -> 0 | AA21: 19
A22: Initial supply Factory | B22: 2400 | C22: Unit | E22: 20 | F22: =OFFSET(N22,-$B$5,0) -> 0 | G22: =MAX(0,G21+(F21-H21)*$B$2) -> 0 | H22: =MAX(0,IF(G22<$B$6,G22,IF(AND(G22>=$B$6+200,MOD(E22,4)=0),200+$B$6,$B$6))) -> 0 | I22: =MAX(0,($B$8-G22)+H22) -> 1300 | J22: =MAX(0,I21-K21+J21) -> 4700 | K22: =IF(J22>=$B$14,$B$14,0) -> 1000 | L22: =OFFSET(T22,-$B$11,0) -> 0 | M22: =MAX(0,M21+(L21-N21)*$B$2) -> 2200 | N22: =IF(AND(M22>=$B$14,OFFSET(K22,-$B$7,0)>=$B$14),$B$14,0) -> 1000 | O22: =MAX(0,$B$13-M22+N22) -> 300 | P22: =O21-Q21+P21 -> 2200 | Q22: =IF(P22>=$B$20,$B$20,0) -> 1500 | R22: =OFFSET(Z22,-$B$17,0) -> 2000 | S22: =MAX(0,S21+(R21-T21)*$B$2) -> 5300 | T22: =IF(AND(S22>=$B$20,OFFSET(Q22,-$B$12,0)>=$B$20),$B$20,0) -> 1500 | U22: =MAX(0,($B$19-S22)+T22) -> 0 | V22: =U21+V21-W21 -> 1300 | W22: =IF(V22>=$B$24,$B$24,0) -> 0 | X22: =$B$23+IF(Y22>=$B$25,-$B$23,IF(Y22>=W22*2,-$B$23*0.5,IF(W22>=Y22*2,$B$23*0.5,0))) -> 400 | Y22: =MAX(0,Y21+X21-Z21) -> 2000 | Z22: =IF(AND(Y22>=$B$24,OFFSET(W22,-$B$18,0)>=$B$24),$B$24,0) -> 0 | AA22: 20
A23: Average production Factory | B23: 800 | C23: Unit/ Week | E23: 21 | F23: =OFFSET(N23,-$B$5,0) -> 0 | G23: =MAX(0,G22+(F22-H22)*$B$2) -> 0 | H23: =MAX(0,IF(G23<$B$6,G23,IF(AND(G23>=$B$6+200,MOD(E23,4)=0),200+$B$6,$B$6))) -> 0 | I23: =MAX(0,($B$8-G23)+H23) -> 1300 | J23: =MAX(0,I22-K22+J22) -> 5000 | K23: =IF(J23>=$B$14,$B$14,0) -> 1000 | L23: =OFFSET(T23,-$B$11,0) -> 1500 | M23: =MAX(0,M22+(L22-N22)*$B$2) -> 1200 | N23: =IF(AND(M23>=$B$14,OFFSET(K23,-$B$7,0)>=$B$14),$B$14,0) -> 1000 | O23: =MAX(0,$B$13-M23+N23) -> 1300 | P23: =O22-Q22+P22 -> 1000 | Q23: =IF(P23>=$B$20,$B$20,0) -> 0 | R23: =OFFSET(Z23,-$B$17,0) -> 0 | S23: =MAX(0,S22+(R22-T22)*$B$2) -> 5800 | T23: =IF(AND(S23>=$B$20,OFFSET(Q23,-$B$12,0)>=$B$20),$B$20,0) -> 0 | U23: =MAX(0,($B$19-S23)+T23) -> 0 | V23: =U22+V22-W22 -> 1300 | W23: =IF(V23>=$B$24,$B$24,0) -> 0 | X23: =$B$23+IF(Y23>=$B$25,-$B$23,IF(Y23>=W23*2,-$B$23*0.5,IF(W23>=Y23*2,$B$23*0.5,0))) -> 400 | Y23: =MAX(0,Y22+X22-Z22) -> 2400 | Z23: =IF(AND(Y23>=$B$24,OFFSET(W23,-$B$18,0)>=$B$24),$B$24,0) -> 0 | AA23: 21
A24: Min order size of Factory | B24: 2000 | C24: Unit | E24: 22 | F24: =OFFSET(N24,-$B$5,0) -> 1000 | G24: =MAX(0,G23+(F23-H23)*$B$2) -> 0 | H24: =MAX(0,IF(G24<$B$6,G24,IF(AND(G24>=$B$6+200,MOD(E24,4)=0),200+$B$6,$B$6))) -> 0 | I24: =MAX(0,($B$8-G24)+H24) -> 1300 | J24: =MAX(0,I23-K23+J23) -> 5300 | K24: =IF(J24>=$B$14,$B$14,0) -> 1000 | L24: =OFFSET(T24,-$B$11,0) -> 0 | M24: =MAX(0,M23+(L23-N23)*$B$2) -> 1700 | N24: =IF(AND(M24>=$B$14,OFFSET(K24,-$B$7,0)>=$B$14),$B$14,0) -> 1000 | O24: =MAX(0,$B$13-M24+N24) -> 800 | P24: =O23-Q23+P23 -> 2300 | Q24: =IF(P24>=$B$20,$B$20,0) -> 1500 | R24: =OFFSET(Z24,-$B$17,0) -> 0 | S24: =MAX(0,S23+(R23-T23)*$B$2) -> 5800 | T24: =IF(AND(S24>=$B$20,OFFSET(Q24,-$B$12,0)>=$B$20),$B$20,0) -> 1500 | U24: =MAX(0,($B$19-S24)+T24) -> 0 | V24: =U23+V23-W23 -> 1300 | W24: =IF(V24>=$B$24,$B$24,0) -> 0 | X24: =$B$23+IF(Y24>=$B$25,-$B$23,IF(Y24>=W24*2,-$B$23*0.5,IF(W24>=Y24*2,$B$23*0.5,0))) -> 400 | Y24: =MAX(0,Y23+X23-Z23) -> 2800 | Z24: =IF(AND(Y24>=$B$24,OFFSET(W24,-$B$18,0)>=$B$24),$B$24,0) -> 0 | AA24: 22
A25: Max supply Factory | B25: 10000 | C25: Unit | E25: 23 | F25: =OFFSET(N25,-$B$5,0) -> 1000 | G25: =MAX(0,G24+(F24-H24)*$B$2) -> 1000 | H25: =MAX(0,IF(G25<$B$6,G25,IF(AND(G25>=$B$6+200,MOD(E25,4)=0),200+$B$6,$B$6))) -> 300 | I25: =MAX(0,($B$8-G25)+H25) -> 600 | J25: =MAX(0,I24-K24+J24) -> 5600 | K25: =IF(J25>=$B$14,$B$14,0) -> 1000 | L25: =OFFSET(T25,-$B$11,0) -> 1500 | M25: =MAX(0,M24+(L24-N24)*$B$2) -> 700 | N25: =IF(AND(M25>=$B$14,OFFSET(K25,-$B$7,0)>=$B$14),$B$14,0) -> 0 | O25: =MAX(0,$B$13-M25+N25) -> 800 | P25: =O24-Q24+P24 -> 1600 | Q25: =IF(P25>=$B$20,$B$20,0) -> 1500 | R25: =OFFSET(Z25,-$B$17,0) -> 0 | S25: =MAX(0,S24+(R24-T24)*$B$2) -> 4300 | T25: =IF(AND(S25>=$B$20,OFFSET(Q25,-$B$12,0)>=$B$20),$B$20,0) -> 0 | U25: =MAX(0,($B$19-S25)+T25) -> 0 | V25: =U24+V24-W24 -> 1300 | W25: =IF(V25>=$B$24,$B$24,0) -> 0 | X25: =$B$23+IF(Y25>=$B$25,-$B$23,IF(Y25>=W25*2,-$B$23*0.5,IF(W25>=Y25*2,$B$23*0.5,0))) -> 400 | Y25: =MAX(0,Y24+X24-Z24) -> 3200 | Z25: =IF(AND(Y25>=$B$24,OFFSET(W25,-$B$18,0)>=$B$24),$B$24,0) -> 0 | AA25: 23
E26: 24 | F26: =OFFSET(N26,-$B$5,0) -> 1000 | G26: =MAX(0,G25+(F25-H25)*$B$2) -> 1700 | H26: =MAX(0,IF(G26<$B$6,G26,IF(AND(G26>=$B$6+200,MOD(E26,4)=0),200+$B$6,$B$6))) -> 500 | I26: =MAX(0,($B$8-G26)+H26) -> 100 | J26: =MAX(0,I25-K25+J25) -> 5200 | K26: =IF(J26>=$B$14,$B$14,0) -> 1000 | L26: =OFFSET(T26,-$B$11,0) -> 0 | M26: =MAX(0,M25+(L25-N25)*$B$2) -> 2200 | N26: =IF(AND(M26>=$B$14,OFFSET(K26,-$B$7,0)>=$B$14),$B$14,0) -> 1000 | O26: =MAX(0,$B$13-M26+N26) -> 300 | P26: =O25-Q25+P25 -> 900 | Q26: =IF(P26>=$B$20,$B$20,0) -> 0 | R26: =OFFSET(Z26,-$B$17,0) -> 0 | S26: =MAX(0,S25+(R25-T25)*$B$2) -> 4300 | T26: =IF(AND(S26>=$B$20,OFFSET(Q26,-$B$12,0)>=$B$20),$B$20,0) -> 1500 | U26: =MAX(0,($B$19-S26)+T26) -> 0 | V26: =U25+V25-W25 -> 1300 | W26: =IF(V26>=$B$24,$B$24,0) -> 0 | X26: =$B$23+IF(Y26>=$B$25,-$B$23,IF(Y26>=W26*2,-$B$23*0.5,IF(W26>=Y26*2,$B$23*0.5,0))) -> 400 | Y26: =MAX(0,Y25+X25-Z25) -> 3600 | Z26: =IF(AND(Y26>=$B$24,OFFSET(W26,-$B$18,0)>=$B$24),$B$24,0) -> 0 | AA26: 24
E27: 25 | F27: =OFFSET(N27,-$B$5,0) -> 0 | G27: =MAX(0,G26+(F26-H26)*$B$2) -> 2200 | H27: =MAX(0,IF(G27<$B$6,G27,IF(AND(G27>=$B$6+200,MOD(E27,4)=0),200+$B$6,$B$6))) -> 300 | I27: =MAX(0,($B$8-G27)+H27) -> 0 | J27: =MAX(0,I26-K26+J26) -> 4300 | K27: =IF(J27>=$B$14,$B$14,0) -> 1000 | L27: =OFFSET(T27,-$B$11,0) -> 1500 | M27: =MAX(0,M26+(L26-N26)*$B$2) -> 1200 | N27: =IF(AND(M27>=$B$14,OFFSET(K27,-$B$7,0)>=$B$14),$B$14,0) -> 1000 | O27: =MAX(0,$B$13-M27+N27) -> 1300 | P27: =O26-Q26+P26 -> 1200 | Q27: =IF(P27>=$B$20,$B$20,0) -> 0 | R27: =OFFSET(Z27,-$B$17,0) -> 0 | S27: =MAX(0,S26+(R26-T26)*$B$2) -> 2800 | T27: =IF(AND(S27>=$B$20,OFFSET(Q27,-$B$12,0)>=$B$20),$B$20,0) -> 1500 | U27: =MAX(0,($B$19-S27)+T27) -> 800 | V27: =U26+V26-W26 -> 1300 | W27: =IF(V27>=$B$24,$B$24,0) -> 0 | X27: =$B$23+IF(Y27>=$B$25,-$B$23,IF(Y27>=W27*2,-$B$23*0.5,IF(W27>=Y27*2,$B$23*0.5,0))) -> 400 | Y27: =MAX(0,Y26+X26-Z26) -> 4000 | Z27: =IF(AND(Y27>=$B$24,OFFSET(W27,-$B$18,0)>=$B$24),$B$24,0) -> 0 | AA27: 25
E28: 26 | F28: =OFFSET(N28,-$B$5,0) -> 1000 | G28: =MAX(0,G27+(F27-H27)*$B$2) -> 1900 | H28: =MAX(0,IF(G28<$B$6,G28,IF(AND(G28>=$B$6+200,MOD(E28,4)=0),200+$B$6,$B$6))) -> 300 | I28: =MAX(0,($B$8-G28)+H28) -> 0 | J28: =MAX(0,I27-K27+J27) -> 3300 | K28: =IF(J28>=$B$14,$B$14,0) -> 1000 | L28: =OFFSET(T28,-$B$11,0) -> 0 | M28: =MAX(0,M27+(L27-N27)*$B$2) -> 1700 | N28: =IF(AND(M28>=$B$14,OFFSET(K28,-$B$7,0)>=$B$14),$B$14,0) -> 1000 | O28: =MAX(0,$B$13-M28+N28) -> 800 | P28: =O27-Q27+P27 -> 2500 | Q28: =IF(P28>=$B$20,$B$20,0) -> 1500 | R28: =OFFSET(Z28,-$B$17,0) -> 0 | S28: =MAX(0,S27+(R27-T27)*$B$2) -> 1300 | T28: =IF(AND(S28>=$B$20,OFFSET(Q28,-$B$12,0)>=$B$20),$B$20,0) -> 0 | U28: =MAX(0,($B$19-S28)+T28) -> 800 | V28: =U27+V27-W27 -> 2100 | W28: =IF(V28>=$B$24,$B$24,0) -> 2000 | X28: =$B$23+IF(Y28>=$B$25,-$B$23,IF(Y28>=W28*2,-$B$23*0.5,IF(W28>=Y28*2,$B$23*0.5,0))) -> 400 | Y28: =MAX(0,Y27+X27-Z27) -> 4400 | Z28: =IF(AND(Y28>=$B$24,OFFSET(W28,-$B$18,0)>=$B$24),$B$24,0) -> 0 | AA28: 26
E29: 27 | F29: =OFFSET(N29,-$B$5,0) -> 1000 | G29: =MAX(0,G28+(F28-H28)*$B$2) -> 2600 | H29: =MAX(0,IF(G29<$B$6,G29,IF(AND(G29>=$B$6+200,MOD(E29,4)=0),200+$B$6,$B$6))) -> 300 | I29: =MAX(0,($B$8-G29)+H29) -> 0 | J29: =MAX(0,I28-K28+J28) -> 2300 | K29: =IF(J29>=$B$14,$B$14,0) -> 1000 | L29: =OFFSET(T29,-$B$11,0) -> 1500 | M29: =MAX(0,M28+(L28-N28)*$B$2) -> 700 | N29: =IF(AND(M29>=$B$14,OFFSET(K29,-$B$7,0)>=$B$14),$B$14,0) -> 0 | O29: =MAX(0,$B$13-M29+N29) -> 800 | P29: =O28-Q28+P28 -> 1800 | Q29: =IF(P29>=$B$20,$B$20,0) -> 1500 | R29: =OFFSET(Z29,-$B$17,0) -> 0 | S29: =MAX(0,S28+(R28-T28)*$B$2) -> 1300 | T29: =IF(AND(S29>=$B$20,OFFSET(Q29,-$B$12,0)>=$B$20),$B$20,0) -> 0 | U29: =MAX(0,($B$19-S29)+T29) -> 800 | V29: =U28+V28-W28 -> 900 | W29: =IF(V29>=$B$24,$B$24,0) -> 0 | X29: =$B$23+IF(Y29>=$B$25,-$B$23,IF(Y29>=W29*2,-$B$23*0.5,IF(W29>=Y29*2,$B$23*0.5,0))) -> 400 | Y29: =MAX(0,Y28+X28-Z28) -> 4800 | Z29: =IF(AND(Y29>=$B$24,OFFSET(W29,-$B$18,0)>=$B$24),$B$24,0) -> 0 | AA29: 27
E30: 28 | F30: =OFFSET(N30,-$B$5,0) -> 1000 | G30: =MAX(0,G29+(F29-H29)*$B$2) -> 3300 | H30: =MAX(0,IF(G30<$B$6,G30,IF(AND(G30>=$B$6+200,MOD(E30,4)=0),200+$B$6,$B$6))) -> 500 | I30: =MAX(0,($B$8-G30)+H30) -> 0 | J30: =MAX(0,I29-K29+J29) -> 1300 | K30: =IF(J30>=$B$14,$B$14,0) -> 1000 | L30: =OFFSET(T30,-$B$11,0) -> 1500 | M30: =MAX(0,M29+(L29-N29)*$B$2) -> 2200 | N30: =IF(AND(M30>=$B$14,OFFSET(K30,-$B$7,0)>=$B$14),$B$14,0) -> 1000 | O30: =MAX(0,$B$13-M30+N30) -> 300 | P30: =O29-Q29+P29 -> 1100 | Q30: =IF(P30>=$B$20,$B$20,0) -> 0 | R30: =OFFSET(Z30,-$B$17,0) -> 0 | S30: =MAX(0,S29+(R29-T29)*$B$2) -> 1300 | T30: =IF(AND(S30>=$B$20,OFFSET(Q30,-$B$12,0)>=$B$20),$B$20,0) -> 0 | U30: =MAX(0,($B$19-S30)+T30) -> 800 | V30: =U29+V29-W29 -> 1700 | W30: =IF(V30>=$B$24,$B$24,0) -> 0 | X30: =$B$23+IF(Y30>=$B$25,-$B$23,IF(Y30>=W30*2,-$B$23*0.5,IF(W30>=Y30*2,$B$23*0.5,0))) -> 400 | Y30: =MAX(0,Y29+X29-Z29) -> 5200 | Z30: =IF(AND(Y30>=$B$24,OFFSET(W30,-$B$18,0)>=$B$24),$B$24,0) -> 0 | AA30: 28
E31: 29 | F31: =OFFSET(N31,-$B$5,0) -> 0 | G31: =MAX(0,G30+(F30-H30)*$B$2) -> 3800 | H31: =MAX(0,IF(G31<$B$6,G31,IF(AND(G31>=$B$6+200,MOD(E31,4)=0),200+$B$6,$B$6))) -> 300 | I31: =MAX(0,($B$8-G31)+H31) -> 0 | J31: =MAX(0,I30-K30+J30) -> 300 | K31: =IF(J31>=$B$14,$B$14,0) -> 0 | L31: =OFFSET(T31,-$B$11,0) -> 0 | M31: =MAX(0,M30+(L30-N30)*$B$2) -> 2700 | N31: =IF(AND(M31>=$B$14,OFFSET(K31,-$B$7,0)>=$B$14),$B$14,0) -> 1000 | O31: =MAX(0,$B$13-M31+N31) -> 0 | P31: =O30-Q30+P30 -> 1400 | Q31: =IF(P31>=$B$20,$B$20,0) -> 0 | R31: =OFFSET(Z31,-$B$17,0) -> 0 | S31: =MAX(0,S30+(R30-T30)*$B$2) -> 1300 | T31: =IF(AND(S31>=$B$20,OFFSET(Q31,-$B$12,0)>=$B$20),$B$20,0) -> 0 | U31: =MAX(0,($B$19-S31)+T31) -> 800 | V31: =U30+V30-W30 -> 2500 | W31: =IF(V31>=$B$24,$B$24,0) -> 2000 | X31: =$B$23+IF(Y31>=$B$25,-$B$23,IF(Y31>=W31*2,-$B$23*0.5,IF(W31>=Y31*2,$B$23*0.5,0))) -> 400 | Y31: =MAX(0,Y30+X30-Z30) -> 5600 | Z31: =IF(AND(Y31>=$B$24,OFFSET(W31,-$B$18,0)>=$B$24),$B$24,0) -> 2000 | AA31: 29
E32: 30 | F32: =OFFSET(N32,-$B$5,0) -> 1000 | G32: =MAX(0,G31+(F31-H31)*$B$2) -> 3500 | H32: =MAX(0,IF(G32<$B$6,G32,IF(AND(G32>=$B$6+200,MOD(E32,4)=0),200+$B$6,$B$6))) -> 300 | I32: =MAX(0,($B$8-G32)+H32) -> 0 | J32: =MAX(0,I31-K31+J31) -> 300 | K32: =IF(J32>=$B$14,$B$14,0) -> 0 | L32: =OFFSET(T32,-$B$11,0) -> 0 | M32: =MAX(0,M31+(L31-N31)*$B$2) -> 1700 | N32: =IF(AND(M32>=$B$14,OFFSET(K32,-$B$7,0)>=$B$14),$B$14,0) -> 0 | O32: =MAX(0,$B$13-M32+N32) -> 0 | P32: =O31-Q31+P31 -> 1400 | Q32: =IF(P32>=$B$20,$B$20,0) -> 0 | R32: =OFFSET(Z32,-$B$17,0) -> 0 | S32: =MAX(0,S31+(R31-T31)*$B$2) -> 1300 | T32: =IF(AND(S32>=$B$20,OFFSET(Q32,-$B$12,0)>=$B$20),$B$20,0) -> 0 | U32: =MAX(0,($B$19-S32)+T32) -> 800 | V32: =U31+V31-W31 -> 1300 | W32: =IF(V32>=$B$24,$B$24,0) -> 0 | X32: =$B$23+IF(Y32>=$B$25,-$B$23,IF(Y32>=W32*2,-$B$23*0.5,IF(W32>=Y32*2,$B$23*0.5,0))) -> 400 | Y32: =MAX(0,Y31+X31-Z31) -> 4000 | Z32: =IF(AND(Y32>=$B$24,OFFSET(W32,-$B$18,0)>=$B$24),$B$24,0) -> 0 | AA32: 30
E33: 31 | F33: =OFFSET(N33,-$B$5,0) -> 1000 | G33: =MAX(0,G32+(F32-H32)*$B$2) -> 4200 | H33: =MAX(0,IF(G33<$B$6,G33,IF(AND(G33>=$B$6+200,MOD(E33,4)=0),200+$B$6,$B$6))) -> 300 | I33: =MAX(0,($B$8-G33)+H33) -> 0 | J33: =MAX(0,I32-K32+J32) -> 300 | K33: =IF(J33>=$B$14,$B$14,0) -> 0 | L33: =OFFSET(T33,-$B$11,0) -> 0 | M33: =MAX(0,M32+(L32-N32)*$B$2) -> 1700 | N33: =IF(AND(M33>=$B$14,OFFSET(K33,-$B$7,0)>=$B$14),$B$14,0) -> 0 | O33: =MAX(0,$B$13-M33+N33) -> 0 | P33: =O32-Q32+P32 -> 1400 | Q33: =IF(P33>=$B$20,$B$20,0) -> 0 | R33: =OFFSET(Z33,-$B$17,0) -> 0 | S33: =MAX(0,S32+(R32-T32)*$B$2) -> 1300 | T33: =IF(AND(S33>=$B$20,OFFSET(Q33,-$B$12,0)>=$B$20),$B$20,0) -> 0 | U33: =MAX(0,($B$19-S33)+T33) -> 800 | V33: =U32+V32-W32 -> 2100 | W33: =IF(V33>=$B$24,$B$24,0) -> 2000 | X33: =$B$23+IF(Y33>=$B$25,-$B$23,IF(Y33>=W33*2,-$B$23*0.5,IF(W33>=Y33*2,$B$23*0.5,0))) -> 400 | Y33: =MAX(0,Y32+X32-Z32) -> 4400 | Z33: =IF(AND(Y33>=$B$24,OFFSET(W33,-$B$18,0)>=$B$24),$B$24,0) -> 0 | AA33: 31
E34: 32 | F34: =OFFSET(N34,-$B$5,0) -> 0 | G34: =MAX(0,G33+(F33-H33)*$B$2) -> 4900 | H34: =MAX(0,IF(G34<$B$6,G34,IF(AND(G34>=$B$6+200,MOD(E34,4)=0),200+$B$6,$B$6))) -> 500 | I34: =MAX(0,($B$8-G34)+H34) -> 0 | J34: =MAX(0,I33-K33+J33) -> 300 | K34: =IF(J34>=$B$14,$B$14,0) -> 0 | L34: =OFFSET(T34,-$B$11,0) -> 0 | M34: =MAX(0,M33+(L33-N33)*$B$2) -> 1700 | N34: =IF(AND(M34>=$B$14,OFFSET(K34,-$B$7,0)>=$B$14),$B$14,0) -> 0 | O34: =MAX(0,$B$13-M34+N34) -> 0 | P34: =O33-Q33+P33 -> 1400 | Q34: =IF(P34>=$B$20,$B$20,0) -> 0 | R34: =OFFSET(Z34,-$B$17,0) -> 0 | S34: =MAX(0,S33+(R33-T33)*$B$2) -> 1300 | T34: =IF(AND(S34>=$B$20,OFFSET(Q34,-$B$12,0)>=$B$20),$B$20,0) -> 0 | U34: =MAX(0,($B$19-S34)+T34) -> 800 | V34: =U33+V33-W33 -> 900 | W34: =IF(V34>=$B$24,$B$24,0) -> 0 | X34: =$B$23+IF(Y34>=$B$25,-$B$23,IF(Y34>=W34*2,-$B$23*0.5,IF(W34>=Y34*2,$B$23*0.5,0))) -> 400 | Y34: =MAX(0,Y33+X33-Z33) -> 4800 | Z34: =IF(AND(Y34>=$B$24,OFFSET(W34,-$B$18,0)>=$B$24),$B$24,0) -> 2000 | AA34: 32
E35: 33 | F35: =OFFSET(N35,-$B$5,0) -> 0 | G35: =MAX(0,G34+(F34-H34)*$B$2) -> 4400 | H35: =MAX(0,IF(G35<$B$6,G35,IF(AND(G35>=$B$6+200,MOD(E35,4)=0),200+$B$6,$B$6))) -> 300 | I35: =MAX(0,($B$8-G35)+H35) -> 0 | J35: =MAX(0,I34-K34+J34) -> 300 | K35: =IF(J35>=$B$14,$B$14,0) -> 0 | L35: =OFFSET(T35,-$B$11,0) -> 0 | M35: =MAX(0,M34+(L34-N34)*$B$2) -> 1700 | N35: =IF(AND(M35>=$B$14,OFFSET(K35,-$B$7,0)>=$B$14),$B$14,0) -> 0 | O35: =MAX(0,$B$13-M35+N35) -> 0 | P35: =O34-Q34+P34 -> 1400 | Q35: =IF(P35>=$B$20,$B$20,0) -> 0 | R35: =OFFSET(Z35,-$B$17,0) -> 2000 | S35: =MAX(0,S34+(R34-T34)*$B$2) -> 1300 | T35: =IF(AND(S35>=$B$20,OFFSET(Q35,-$B$12,0)>=$B$20),$B$20,0) -> 0 | U35: =MAX(0,($B$19-S35)+T35) -> 800 | V35: =U34+V34-W34 -> 1700 | W35: =IF(V35>=$B$24,$B$24,0) -> 0 | X35: =$B$23+IF(Y35>=$B$25,-$B$23,IF(Y35>=W35*2,-$B$23*0.5,IF(W35>=Y35*2,$B$23*0.5,0))) -> 400 | Y35: =MAX(0,Y34+X34-Z34) -> 3200 | Z35: =IF(AND(Y35>=$B$24,OFFSET(W35,-$B$18,0)>=$B$24),$B$24,0) -> 0 | AA35: 33
E36: 34 | F36: =OFFSET(N36,-$B$5,0) -> 0 | G36: =MAX(0,G35+(F35-H35)*$B$2) -> 4100 | H36: =MAX(0,IF(G36<$B$6,G36,IF(AND(G36>=$B$6+200,MOD(E36,4)=0),200+$B$6,$B$6))) -> 300 | I36: =MAX(0,($B$8-G36)+H36) -> 0 | J36: =MAX(0,I35-K35+J35) -> 300 | K36: =IF(J36>=$B$14,$B$14,0) -> 0 | L36: =OFFSET(T36,-$B$11,0) -> 0 | M36: =MAX(0,M35+(L35-N35)*$B$2) -> 1700 | N36: =IF(AND(M36>=$B$14,OFFSET(K36,-$B$7,0)>=$B$14),$B$14,0) -> 0 | O36: =MAX(0,$B$13-M36+N36) -> 0 | P36: =O35-Q35+P35 -> 1400 | Q36: =IF(P36>=$B$20,$B$20,0) -> 0 | R36: =OFFSET(Z36,-$B$17,0) -> 0 | S36: =MAX(0,S35+(R35-T35)*$B$2) -> 3300 | T36: =IF(AND(S36>=$B$20,OFFSET(Q36,-$B$12,0)>=$B$20),$B$20,0) -> 0 | U36: =MAX(0,($B$19-S36)+T36) -> 0 | V36: =U35+V35-W35 -> 2500 | W36: =IF(V36>=$B$24,$B$24,0) -> 2000 | X36: =$B$23+IF(Y36>=$B$25,-$B$23,IF(Y36>=W36*2,-$B$23*0.5,IF(W36>=Y36*2,$B$23*0.5,0))) -> 800 | Y36: =MAX(0,Y35+X35-Z35) -> 3600 | Z36: =IF(AND(Y36>=$B$24,OFFSET(W36,-$B$18,0)>=$B$24),$B$24,0) -> 2000 | AA36: 34
E37: 35 | F37: =OFFSET(N37,-$B$5,0) -> 0 | G37: =MAX(0,G36+(F36-H36)*$B$2) -> 3800 | H37: =MAX(0,IF(G37<$B$6,G37,IF(AND(G37>=$B$6+200,MOD(E37,4)=0),200+$B$6,$B$6))) -> 300 | I37: =MAX(0,($B$8-G37)+H37) -> 0 | J37: =MAX(0,I36-K36+J36) -> 300 | K37: =IF(J37>=$B$14,$B$14,0) -> 0 | L37: =OFFSET(T37,-$B$11,0) -> 0 | M37: =MAX(0,M36+(L36-N36)*$B$2) -> 1700 | N37: =IF(AND(M37>=$B$14,OFFSET(K37,-$B$7,0)>=$B$14),$B$14,0) -> 0 | O37: =MAX(0,$B$13-M37+N37) -> 0 | P37: =O36-Q36+P36 -> 1400 | Q37: =IF(P37>=$B$20,$B$20,0) -> 0 | R37: =OFFSET(Z37,-$B$17,0) -> 0 | S37: =MAX(0,S36+(R36-T36)*$B$2) -> 3300 | T37: =IF(AND(S37>=$B$20,OFFSET(Q37,-$B$12,0)>=$B$20),$B$20,0) -> 0 | U37: =MAX(0,($B$19-S37)+T37) -> 0 | V37: =U36+V36-W36 -> 500 | W37: =IF(V37>=$B$24,$B$24,0) -> 0 | X37: =$B$23+IF(Y37>=$B$25,-$B$23,IF(Y37>=W37*2,-$B$23*0.5,IF(W37>=Y37*2,$B$23*0.5,0))) -> 400 | Y37: =MAX(0,Y36+X36-Z36) -> 2400 | Z37: =IF(AND(Y37>=$B$24,OFFSET(W37,-$B$18,0)>=$B$24),$B$24,0) -> 0 | AA37: 35
... E402: 400 | F402: =OFFSET(N402,-$B$5,0) -> 1000 | G402: =MAX(0,G401+(F401-H401)*$B$2) -> 2600 | H402: =MAX(0,IF(G402<$B$6,G402,IF(AND(G402>=$B$6+200,MOD(E402,4)=0),200+$B$6,$B$6))) -> 500 | I402: =MAX(0,($B$8-G402)+H402) -> 0 | J402: =MAX(0,I401-K401+J401) -> 1000 | K402: =IF(J402>=$B$14,$B$14,0) -> 1000 | L402: =OFFSET(T402,-$B$11,0) -> 0 | M402: =MAX(0,M401+(L401-N401)*$B$2) -> 700 | N402: =IF(AND(M402>=$B$14,OFFSET(K402,-$B$7,0)>=$B$14),$B$14,0) -> 0 | O402: =MAX(0,$B$13-M402+N402) -> 800 | P402: =O401-Q401+P401 -> 1600 | Q402: =IF(P402>=$B$20,$B$20,0) -> 1500 | R402: =OFFSET(Z402,-$B$17,0) -> 0 | S402: =MAX(0,S401+(R401-T401)*$B$2) -> 6300 | T402: =IF(AND(S402>=$B$20,OFFSET(Q402,-$B$12,0)>=$B$20),$B$20,0) -> 0 | U402: =MAX(0,($B$19-S402)+T402) -> 0 | V402: =U401+V401-W401 -> 900 | W402: =IF(V402>=$B$24,$B$24,0) -> 0 | X402: =$B$23+IF(Y402>=$B$25,-$B$23,IF(Y402>=W402*2,-$B$23*0.5,IF(W402>=Y402*2,$B$23*0.5,0))) -> 400 | Y402: =MAX(0,Y401+X401-Z401) -> 9200 | Z402: =IF(AND(Y402>=$B$24,OFFSET(W402,-$B$18,0)>=$B$24),$B$24,0) -> 0 | AA402: 400
F404: =SUM(F2:F402) -> 121000 | L404: =SUM(L2:L402) -> 121500 | N404: =SUM(N2:N402) -> 122000 | R404: =SUM(R2:R402) -> 126000 | T404: =SUM(T2:T402) -> 121500 | Z404: =SUM(Z2:Z402) -> 126000

Sheet Model Excel_1
A1: Model Excel_1 w/o limits | F1: Incoming goods Retail, Unit/ Week | G1: Warehouse Retail, Unit | H1: Outgoing goods Retail, Unit/ Week | I1: Orders Retail, Unit/ Week | J1: Incoming goods Wholesale, Unit/ Week | K1: Warehouse Wholesale, Unit | L1: Placed orders Retail, Unit | M1: Outgoing goods Wholesale, Unit/ Week | N1: Orders Wholesale, Unit/ Week | O1: Incoming goods RWH, Unit/ Week | P1: Warehouse RWH, Unit | Q1: Outgoing orders Wholesale, Unit/ Week | R1: Outgoing goods RWH, Unit/ Week | S1: Orders RWH, Unit/ Week | T1: Production Factory, Unit/ Week | U1: Warehouse Factory, Unit | V1: Outgoing orders RWH, Unit/ Week | W1: Outgoing goods Factory, Unit/ Week
A2: TIME STEP | B2: 1 | C2: Week | E2: 0 | F2: 0 | G2: =B4 -> 900 | H2: 0 | I2: 0 | J2: 0 | K2: =B10 -> 1200 | L2: 0 | M2: 0 | N2: 0 | O2: 0 | P2: =B15 -> 1800 | Q2: 0 | R2: =N2 -> 0 | S2: 0 | T2: 0 | U2: =$B$20 -> 2400 | V2: 0 | W2: 0 | X2: 0
E3: 1 | F3: 0 | G3: =MAX(0,G2+(F3-H2)) -> 900 | H3: =MAX(0,IF(G3<$B$6,G3,IF(AND(G3>=$B$6+200,MOD(E3,4)=0),200+$B$6,$B$6))) -> 300 | I3: =MAX(0,($B$8-G3)+H3+I2) -> 700 | J3: 0 | K3: =MAX(0,K2+(J3-M2)*$B$2) -> 1200 | L3: =MAX(0,IF(OFFSET(I3,-$B$7,0)>=0,OFFSET(I3,-$B$7,0),0)+L2-M2) -> 0 | M3: =IF(K3<L3,K3,L3) -> 0 | N3: =MAX(0,($B$13-K3)+M3+N2) -> 300 | O3: 0 | P3: =MAX(0,P2+(O3-R2)*$B$2) -> 1800 | Q3: 0 | R3: =IF(P3<Q3,P3,Q3) -> 0 | S3: =MAX(0,($B$18-P3)+R3+S2) -> 300 | T3: =$B$21+IF(U2>=$B$22,-$B$21,IF(V2>2*U2,$B$21*0.5,IF(U2>V2*2,-$B$21*0.5,0))) -> 400 | U3: =MAX(0,U2+(T2-W2)*$B$2) -> 2400 | V3: 0 | W3: 0 | X3: 1
A4: Initial supply Retail | B4: 900 | C4: Unit | E4: 2 | F4: =OFFSET(M4,-$B$5,0) -> 0 | G4: =MAX(0,G3+(F4-H3)) -> 600 | H4: =MAX(0,IF(G4<$B$6,G4,IF(AND(G4>=$B$6+200,MOD(E4,4)=0),200+$B$6,$B$6))) -> 300 | I4: =MAX(0,($B$8-G4)+H4+I3) -> 1700 | J4: 0 | K4: =MAX(0,K3+(J4-M3)*$B$2) -> 1200 | L4: =MAX(0,IF(OFFSET(I4,-$B$7,0)>=0,OFFSET(I4,-$B$7,0),0)+L3-M3) -> 700 | M4: =IF(K4<L4,K4,L4) -> 700 | N4: =MAX(0,($B$13-K4)+M4+N3) -> 1300 | O4: 0 | P4: =MAX(0,P3+(O4-R3)*$B$2) -> 1800 | Q4: 0 | R4: =IF(P4<Q4,P4,Q4) -> 0 | S4: =MAX(0,($B$18-P4)+R4+S3) -> 600 | T4: =$B$21+IF(U3>=$B$22,-$B$21,IF(V3>2*U3,$B$21*0.5,IF(U3>V3*2,-$B$21*0.5,0))) -> 400 | U4: =MAX(0,U3+(T3-W3)*$B$2) -> 2800 | V4: 0 | W4: =IF(U4<V4,U4,V4) -> 0 | X4: 2
A5: Delivery time to Retail | B5: 2 | C5: Week | E5: 3 | F5: =OFFSET(M5,-$B$5,0) -> 0 | G5: =MAX(0,G4+(F5-H4)) -> 300 | H5: =MAX(0,IF(G5<$B$6,G5,IF(AND(G5>=$B$6+200,MOD(E5,4)=0),200+$B$6,$B$6))) -> 300 | I5: =MAX(0,($B$8-G5)+H5+I4) -> 3000 | J5: =OFFSET(R5,-$B$11,0) -> 0 | K5: =MAX(0,K4+(J5-M4)*$B$2) -> 500 | L5: =MAX(0,IF(OFFSET(I5,-$B$7,0)>=0,OFFSET(I5,-$B$7,0),0)+L4-M4) -> 1700 | M5: =IF(K5<L5,K5,L5) -> 500 | N5: =MAX(0,($B$13-K5)+M5+N4) -> 2800 | O5: 0 | P5: =MAX(0,P4+(O5-R4)*$B$2) -> 1800 | Q5: =IF(OFFSET(N5,-$B$12,0)>0,OFFSET(N5,-$B$12,0),0)+Q4-R4 -> 300 | R5: =IF(P5<Q5,P5,Q5) -> 300 | S5: =MAX(0,($B$18-P5)+R5+S4) -> 1200 | T5: =$B$21+IF(U4>=$B$22,-$B$21,IF(V4>2*U4,$B$21*0.5,IF(U4>V4*2,-$B$21*0.5,0))) -> 400 | U5: =MAX(0,U4+(T4-W4)*$B$2) -> 3200 | V5: 0 | W5: =IF(U5<V5,U5,V5) -> 0 | X5: 3
A6: Average amount of sales Retail | B6: 300 | C6: Unit/ Week | E6: 4 | F6: =OFFSET(M6,-$B$5,0) -> 700 | G6: =MAX(0,G5+(F6-H5)) -> 700 | H6: =MAX(0,IF(G6<$B$6,G6,IF(AND(G6>=$B$6+200,MOD(E6,4)=0),200+$B$6,$B$6))) -> 500 | I6: =MAX(0,($B$8-G6)+H6+I5) -> 4100 | J6: =OFFSET(R6,-$B$11,0) -> 0 | K6: =MAX(0,K5+(J6-M5)*$B$2) -> 0 | L6: =MAX(0,IF(OFFSET(I6,-$B$7,0)>=0,OFFSET(I6,-$B$7,0),0)+L5-M5) -> 4200 | M6: =IF(K6<L6,K6,L6) -> 0 | N6: =MAX(0,($B$13-K6)+M6+N5) -> 4300 | O6: =OFFSET(W6,-$B$16,0) -> 0 | P6: =MAX(0,P5+(O6-R5)*$B$2) -> 1500 | Q6: =IF(OFFSET(N6,-$B$12,0)>0,OFFSET(N6,-$B$12,0),0)+Q5-R5 -> 1300 | R6: =IF(P6<Q6,P6,Q6) -> 1300 | S6: =MAX(0,($B$18-P6)+R6+S5) -> 3100 | T6: =$B$21+IF(U5>=$B$22,-$B$21,IF(V5>2*U5,$B$21*0.5,IF(U5>V5*2,-$B$21*0.5,0))) -> 400 | U6: =MAX(0,U5+(T5-W5)*$B$2) -> 3600 | V6: =IF(OFFSET(S6,-$B$17,0)>0,OFFSET(S6,-$B$17,0),0)+V5-W5 -> 300 | W6: =IF(U6<V6,U6,V6) -> 300 | X6: 4
A7: Time to fill oder for Retail | B7: 1 | C7: Week | E7: 5 | F7: =OFFSET(M7,-$B$5,0) -> 500 | G7: =MAX(0,G6+(F7-H6)) -> 700 | H7: =MAX(0,IF(G7<$B$6,G7,IF(AND(G7>=$B$6+200,MOD(E7,4)=0),200+$B$6,$B$6))) -> 300 | I7: =MAX(0,($B$8-G7)+H7+I6) -> 5000 | J7: =OFFSET(R7,-$B$11,0) -> 0 | K7: =MAX(0,K6+(J7-M6)*$B$2) -> 0 | L7: =MAX(0,IF(OFFSET(I7,-$B$7,0)>=0,OFFSET(I7,-$B$7,0),0)+L6-M6) -> 8300 | M7: =IF(K7<L7,K7,L7) -> 0 | N7: =MAX(0,($B$13-K7)+M7+N6) -> 5800 | O7: =OFFSET(W7,-$B$16,0) -> 0 | P7: =MAX(0,P6+(O7-R6)*$B$2) -> 200 | Q7: =IF(OFFSET(N7,-$B$12,0)>0,OFFSET(N7,-$B$12,0),0)+Q6-R6 -> 2800 | R7: =IF(P7<Q7,P7,Q7) -> 200 | S7: =MAX(0,($B$18-P7)+R7+S6) -> 5200 | T7: =$B$21+IF(U6>=$B$22,-$B$21,IF(V6>2*U6,$B$21*0.5,IF(U6>V6*2,-$B$21*0.5,0))) -> 400 | U7: =MAX(0,U6+(T6-W6)*$B$2) -> 3700 | V7: =IF(OFFSET(S7,-$B$17,0)>0,OFFSET(S7,-$B$17,0),0)+V6-W6 -> 600 | W7: =IF(U7<V7,U7,V7) -> 600 | X7: 5
A8: Desired supply Retail | B8: 1300 | C8: Unit | E8: 6 | F8: =OFFSET(M8,-$B$5,0) -> 0 | G8: =MAX(0,G7+(F8-H7)) -> 400 | H8: =MAX(0,IF(G8<$B$6,G8,IF(AND(G8>=$B$6+200,MOD(E8,4)=0),200+$B$6,$B$6))) -> 300 | I8: =MAX(0,($B$8-G8)+H8+I7) -> 6200 | J8: =OFFSET(R8,-$B$11,0) -> 300 | K8: =MAX(0,K7+(J8-M7)*$B$2) -> 300 | L8: =MAX(0,IF(OFFSET(I8,-$B$7,0)>=0,OFFSET(I8,-$B$7,0),0)+L7-M7) -> 13300 | M8: =IF(K8<L8,K8,L8) -> 300 | N8: =MAX(0,($B$13-K8)+M8+N7) -> 7300 | O8: =OFFSET(W8,-$B$16,0) -> 0 | P8: =MAX(0,P7+(O8-R7)*$B$2) -> 0 | Q8: =IF(OFFSET(N8,-$B$12,0)>0,OFFSET(N8,-$B$12,0),0)+Q7-R7 -> 6900 | R8: =IF(P8<Q8,P8,Q8) -> 0 | S8: =MAX(0,($B$18-P8)+R8+S7) -> 7300 | T8: =$B$21+IF(U7>=$B$22,-$B$21,IF(V7>2*U7,$B$21*0.5,IF(U7>V7*2,-$B$21*0.5,0))) -> 400 | U8: =MAX(0,U7+(T7-W7)*$B$2) -> 3500 | V8: =IF(OFFSET(S8,-$B$17,0)>0,OFFSET(S8,-$B$17,0),0)+V7-W7 -> 1200 | W8: =IF(U8<V8,U8,V8) -> 1200 | X8: 6
E9: 7 | F9: =OFFSET(M9,-$B$5,0) -> 0 | G9: =MAX(0,G8+(F9-H8)) -> 100 | H9: =MAX(0,IF(G9<$B$6,G9,IF(AND(G9>=$B$6+200,MOD(E9,4)=0),200+$B$6,$B$6))) -> 100 | I9: =MAX(0,($B$8-G9)+H9+I8) -> 7500 | J9: =OFFSET(R9,-$B$11,0) -> 1300 | K9: =MAX(0,K8+(J9-M8)*$B$2) -> 1300 | L9: =MAX(0,IF(OFFSET(I9,-$B$7,0)>=0,OFFSET(I9,-$B$7,0),0)+L8-M8) -> 19200 | M9: =IF(K9<L9,K9,L9) -> 1300 | N9: =MAX(0,($B$13-K9)+M9+N8) -> 8800 | O9: =OFFSET(W9,-$B$16,0) -> 0 | P9: =MAX(0,P8+(O9-R8)*$B$2) -> 0 | Q9: =IF(OFFSET(N9,-$B$12,0)>0,OFFSET(N9,-$B$12,0),0)+Q8-R8 -> 12700 | R9: =IF(P9<Q9,P9,Q9) -> 0 | S9: =MAX(0,($B$18-P9)+R9+S8) -> 9400 | T9: =$B$21+IF(U8>=$B$22,-$B$21,IF(V8>2*U8,$B$21*0.5,IF(U8>V8*2,-$B$21*0.5,0))) -> 400 | U9: =MAX(0,U8+(T8-W8)*$B$2) -> 2700 | V9: =IF(OFFSET(S9,-$B$17,0)>0,OFFSET(S9,-$B$17,0),0)+V8-W8 -> 3100 | W9: =IF(U9<V9,U9,V9) -> 2700 | X9: 7
A10: Initial supply Wholesale | B10: 1200 | C10: Unit | E10: 8 | F10: =OFFSET(M10,-$B$5,0) -> 300 | G10: =MAX(0,G9+(F10-H9)) -> 300 | H10: =MAX(0,IF(G10<$B$6,G10,IF(AND(G10>=$B$6+200,MOD(E10,4)=0),200+$B$6,$B$6))) -> 300 | I10: =MAX(0,($B$8-G10)+H10+I9) -> 8800 | J10: =OFFSET(R10,-$B$11,0) -> 200 | K10: =MAX(0,K9+(J10-M9)*$B$2) -> 200 | L10: =MAX(0,IF(OFFSET(I10,-$B$7,0)>=0,OFFSET(I10,-$B$7,0),0)+L9-M9) -> 25400 | M10: =IF(K10<L10,K10,L10) -> 200 | N10: =MAX(0,($B$13-K10)+M10+N9) -> 10300 | O10: =OFFSET(W10,-$B$16,0) -> 300 | P10: =MAX(0,P9+(O10-R9)*$B$2) -> 300 | Q10: =IF(OFFSET(N10,-$B$12,0)>0,OFFSET(N10,-$B$12,0),0)+Q9-R9 -> 20000 | R10: =IF(P10<Q10,P10,Q10) -> 300 | S10: =MAX(0,($B$18-P10)+R10+S9) -> 11500 | T10: =$B$21+IF(U9>=$B$22,-$B$21,IF(V9>2*U9,$B$21*0.5,IF(U9>V9*2,-$B$21*0.5,0))) -> 800 | U10: =MAX(0,U9+(T9-W9)*$B$2) -> 400 | V10: =IF(OFFSET(S10,-$B$17,0)>0,OFFSET(S10,-$B$17,0),0)+V9-W9 -> 5600 | W10: =IF(U10<V10,U10,V10) -> 400 | X10: 8
A11: Delivery time to Wholesale | B11: 3 | C11: Week | E11: 9 | F11: =OFFSET(M11,-$B$5,0) -> 1300 | G11: =MAX(0,G10+(F11-H10)) -> 1300 | H11: =MAX(0,IF(G11<$B$6,G11,IF(AND(G11>=$B$6+200,MOD(E11,4)=0),200+$B$6,$B$6))) -> 300 | I11: =MAX(0,($B$8-G11)+H11+I10) -> 9100 | J11: =OFFSET(R11,-$B$11,0) -> 0 | K11: =MAX(0,K10+(J11-M10)*$B$2) -> 0 | L11: =MAX(0,IF(OFFSET(I11,-$B$7,0)>=0,OFFSET(I11,-$B$7,0),0)+L10-M10) -> 34000 | M11: =IF(K11<L11,K11,L11) -> 0 | N11: =MAX(0,($B$13-K11)+M11+N10) -> 11800 | O11: =OFFSET(W11,-$B$16,0) -> 600 | P11: =MAX(0,P10+(O11-R10)*$B$2) -> 600 | Q11: =IF(OFFSET(N11,-$B$12,0)>0,OFFSET(N11,-$B$12,0),0)+Q10-R10 -> 28500 | R11: =IF(P11<Q11,P11,Q11) -> 600 | S11: =MAX(0,($B$18-P11)+R11+S10) -> 13600 | T11: =$B$21+IF(U10>=$B$22,-$B$21,IF(V10>2*U10,$B$21*0.5,IF(U10>V10*2,-$B$21*0.5,0))) -> 1200 | U11: =MAX(0,U10+(T10-W10)*$B$2) -> 800 | V11: =IF(OFFSET(S11,-$B$17,0)>0,OFFSET(S11,-$B$17,0),0)+V10-W10 -> 12500 | W11: =IF(U11<V11,U11,V11) -> 800 | X11: 9
A12: Time to fill oder for Wholesale | B12: 2 | C12: Week | E12: 10 | F12: =OFFSET(M12,-$B$5,0) -> 200 | G12: =MAX(0,G11+(F12-H11)) -> 1200 | H12: =MAX(0,IF(G12<$B$6,G12,IF(AND(G12>=$B$6+200,MOD(E12,4)=0),200+$B$6,$B$6))) -> 300 | I12: =MAX(0,($B$8-G12)+H12+I11) -> 9500 | J12: =OFFSET(R12,-$B$11,0) -> 0 | K12: =MAX(0,K11+(J12-M11)*$B$2) -> 0 | L12: =MAX(0,IF(OFFSET(I12,-$B$7,0)>=0,OFFSET(I12,-$B$7,0),0)+L11-M11) -> 43100 | M12: =IF(K12<L12,K12,L12) -> 0 | N12: =MAX(0,($B$13-K12)+M12+N11) -> 13300 | O12: =OFFSET(W12,-$B$16,0) -> 1200 | P12: =MAX(0,P11+(O12-R11)*$B$2) -> 1200 | Q12: =IF(OFFSET(N12,-$B$12,0)>0,OFFSET(N12,-$B$12,0),0)+Q11-R11 -> 38200 | R12: =IF(P12<Q12,P12,Q12) -> 1200 | S12: =MAX(0,($B$18-P12)+R12+S11) -> 15700 | T12: =$B$21+IF(U11>=$B$22,-$B$21,IF(V11>2*U11,$B$21*0.5,IF(U11>V11*2,-$B$21*0.5,0))) -> 1200 | U12: =MAX(0,U11+(T11-W11)*$B$2) -> 1200 | V12: =IF(OFFSET(S12,-$B$17,0)>0,OFFSET(S12,-$B$17,0),0)+V11-W11 -> 21100 | W12: =IF(U12<V12,U12,V12) -> 1200 | X12: 10
A13: Desired supply Wholesale | B13: 1500 | C13: Unit | E13: 11 | F13: =OFFSET(M13,-$B$5,0) -> 0 | G13: =MAX(0,G12+(F13-H12)) -> 900 | H13: =MAX(0,IF(G13<$B$6,G13,IF(AND(G13>=$B$6+200,MOD(E13,4)=0),200+$B$6,$B$6))) -> 300 | I13: =MAX(0,($B$8-G13)+H13+I12) -> 10200 | J13: =OFFSET(R13,-$B$11,0) -> 300 | K13: =MAX(0,K12+(J13-M12)*$B$2) -> 300 | L13: =MAX(0,IF(OFFSET(I13,-$B$7,0)>=0,OFFSET(I13,-$B$7,0),0)+L12-M12) -> 52600 | M13: =IF(K13<L13,K13,L13) -> 300 | N13: =MAX(0,($B$13-K13)+M13+N12) -> 14800 | O13: =OFFSET(W13,-$B$16,0) -> 2700 | P13: =MAX(0,P12+(O13-R12)*$B$2) -> 2700 | Q13: =IF(OFFSET(N13,-$B$12,0)>0,OFFSET(N13,-$B$12,0),0)+Q12-R12 -> 48800 | R13: =IF(P13<Q13,P13,Q13) -> 2700 | S13: =MAX(0,($B$18-P13)+R13+S12) -> 17800 | T13: =$B$21+IF(U12>=$B$22,-$B$21,IF(V12>2*U12,$B$21*0.5,IF(U12>V12*2,-$B$21*0.5,0))) -> 1200 | U13: =MAX(0,U12+(T12-W12)*$B$2) -> 1200 | V13: =IF(OFFSET(S13,-$B$17,0)>0,OFFSET(S13,-$B$17,0),0)+V12-W12 -> 31400 | W13: =IF(U13<V13,U13,V13) -> 1200 | X13: 11
E14: 12 | F14: =OFFSET(M14,-$B$5,0) -> 0 | G14: =MAX(0,G13+(F14-H13)) -> 600 | H14: =MAX(0,IF(G14<$B$6,G14,IF(AND(G14>=$B$6+200,MOD(E14,4)=0),200+$B$6,$B$6))) -> 500 | I14: =MAX(0,($B$8-G14)+H14+I13) -> 11400 | J14: =OFFSET(R14,-$B$11,0) -> 600 | K14: =MAX(0,K13+(J14-M13)*$B$2) -> 600 | L14: =MAX(0,IF(OFFSET(I14,-$B$7,0)>=0,OFFSET(I14,-$B$7,0),0)+L13-M13) -> 62500 | M14: =IF(K14<L14,K14,L14) -> 600 | N14: =MAX(0,($B$13-K14)+M14+N13) -> 16300 | O14: =OFFSET(W14,-$B$16,0) -> 400 | P14: =MAX(0,P13+(O14-R13)*$B$2) -> 400 | Q14: =IF(OFFSET(N14,-$B$12,0)>0,OFFSET(N14,-$B$12,0),0)+Q13-R13 -> 59400 | R14: =IF(P14<Q14,P14,Q14) -> 400 | S14: =MAX(0,($B$18-P14)+R14+S13) -> 19900 | T14: =$B$21+IF(U13>=$B$22,-$B$21,IF(V13>2*U13,$B$21*0.5,IF(U13>V13*2,-$B$21*0.5,0))) -> 1200 | U14: =MAX(0,U13+(T13-W13)*$B$2) -> 1200 | V14: =IF(OFFSET(S14,-$B$17,0)>0,OFFSET(S14,-$B$17,0),0)+V13-W13 -> 43800 | W14: =IF(U14<V14,U14,V14) -> 1200 | X14: 12
A15: Initial supply Regional Warehouse | B15: 1800 | C15: Unit | E15: 13 | F15: =OFFSET(M15,-$B$5,0) -> 300 | G15: =MAX(0,G14+(F15-H14)) -> 400 | H15: =MAX(0,IF(G15<$B$6,G15,IF(AND(G15>=$B$6+200,MOD(E15,4)=0),200+$B$6,$B$6))) -> 300 | I15: =MAX(0,($B$8-G15)+H15+I14) -> 12600 | J15: =OFFSET(R15,-$B$11,0) -> 1200 | K15: =MAX(0,K14+(J15-M14)*$B$2) -> 1200 | L15: =MAX(0,IF(OFFSET(I15,-$B$7,0)>=0,OFFSET(I15,-$B$7,0),0)+L14-M14) -> 73300 | M15: =IF(K15<L15,K15,L15) -> 1200 | N15: =MAX(0,($B$13-K15)+M15+N14) -> 17800 | O15: =OFFSET(W15,-$B$16,0) -> 800 | P15: =MAX(0,P14+(O15-R14)*$B$2) -> 800 | Q15: =IF(OFFSET(N15,-$B$12,0)>0,OFFSET(N15,-$B$12,0),0)+Q14-R14 -> 73800 | R15: =IF(P15<Q15,P15,Q15) -> 800 | S15: =MAX(0,($B$18-P15)+R15+S14) -> 22000 | T15: =$B$21+IF(U14>=$B$22,-$B$21,IF(V14>2*U14,$B$21*0.5,IF(U14>V14*2,-$B$21*0.5,0))) -> 1200 | U15: =MAX(0,U14+(T14-W14)*$B$2) -> 1200 | V15: =IF(OFFSET(S15,-$B$17,0)>0,OFFSET(S15,-$B$17,0),0)+V14-W14 -> 58300 | W15: =IF(U15<V15,U15,V15) -> 1200 | X15: 13
A16: Delivery time to Regional Warehouse | B16: 4 | C16: Week | E16: 14 | F16: =OFFSET(M16,-$B$5,0) -> 600 | G16: =MAX(0,G15+(F16-H15)) -> 700 | H16: =MAX(0,IF(G16<$B$6,G16,IF(AND(G16>=$B$6+200,MOD(E16,4)=0),200+$B$6,$B$6))) -> 300 | I16: =MAX(0,($B$8-G16)+H16+I15) -> 13500 | J16: =OFFSET(R16,-$B$11,0) -> 2700 | K16: =MAX(0,K15+(J16-M15)*$B$2) -> 2700 | L16: =MAX(0,IF(OFFSET(I16,-$B$7,0)>=0,OFFSET(I16,-$B$7,0),0)+L15-M15) -> 84700 | M16: =IF(K16<L16,K16,L16) -> 2700 | N16: =MAX(0,($B$13-K16)+M16+N15) -> 19300 | O16: =OFFSET(W16,-$B$16,0) -> 1200 | P16: =MAX(0,P15+(O16-R15)*$B$2) -> 1200 | Q16: =IF(OFFSET(N16,-$B$12,0)>0,OFFSET(N16,-$B$12,0),0)+Q15-R15 -> 89300 | R16: =IF(P16<Q16,P16,Q16) -> 1200 | S16: =MAX(0,($B$18-P16)+R16+S15) -> 24100 | T16: =$B$21+IF(U15>=$B$22,-$B$21,IF(V15>2*U15,$B$21*0.5,IF(U15>V15*2,-$B$21*0.5,0))) -> 1200 | U16: =MAX(0,U15+(T15-W15)*$B$2) -> 1200 | V16: =IF(OFFSET(S16,-$B$17,0)>0,OFFSET(S16,-$B$17,0),0)+V15-W15 -> 74900 | W16: =IF(U16<V16,U16,V16) -> 1200 | X16: 14
A17: Time to fill oder for to Regional Warehouse | B17: 3 | C17: Week | E17: 15 | F17: =OFFSET(M17,-$B$5,0) -> 1200 | G17: =MAX(0,G16+(F17-H16)) -> 1600 | H17: =MAX(0,IF(G17<$B$6,G17,IF(AND(G17>=$B$6+200,MOD(E17,4)=0),200+$B$6,$B$6))) -> 300 | I17: =MAX(0,($B$8-G17)+H17+I16) -> 13500 | J17: =OFFSET(R17,-$B$11,0) -> 400 | K17: =MAX(0,K16+(J17-M16)*$B$2) -> 400 | L17: =MAX(0,IF(OFFSET(I17,-$B$7,0)>=0,OFFSET(I17,-$B$7,0),0)+L16-M16) -> 95500 | M17: =IF(K17<L17,K17,L17) -> 400 | N17: =MAX(0,($B$13-K17)+M17+N16) -> 20800 | O17: =OFFSET(W17,-$B$16,0) -> 1200 | P17: =MAX(0,P16+(O17-R16)*$B$2) -> 1200 | Q17: =IF(OFFSET(N17,-$B$12,0)>0,OFFSET(N17,-$B$12,0),0)+Q16-R16 -> 105900 | R17: =IF(P17<Q17,P17,Q17) -> 1200 | S17: =MAX(0,($B$18-P17)+R17+S16) -> 26200 | T17: =$B$21+IF(U16>=$B$22,-$B$21,IF(V16>2*U16,$B$21*0.5,IF(U16>V16*2,-$B$21*0.5,0))) -> 1200 | U17: =MAX(0,U16+(T16-W16)*$B$2) -> 1200 | V17: =IF(OFFSET(S17,-$B$17,0)>0,OFFSET(S17,-$B$17,0),0)+V16-W16 -> 93600 | W17: =IF(U17<V17,U17,V17) -> 1200 | X17: 15
A18: Desired supply Regional Warehouse | B18: 2100 | C18: Unit | E18: 16 | F18: =OFFSET(M18,-$B$5,0) -> 2700 | G18: =MAX(0,G17+(F18-H17)) -> 4000 | H18: =MAX(0,IF(G18<$B$6,G18,IF(AND(G18>=$B$6+200,MOD(E18,4)=0),200+$B$6,$B$6))) -> 500 | I18: =MAX(0,($B$8-G18)+H18+I17) -> 11300 | J18: =OFFSET(R18,-$B$11,0) -> 800 | K18: =MAX(0,K17+(J18-M17)*$B$2) -> 800 | L18: =MAX(0,IF(OFFSET(I18,-$B$7,0)>=0,OFFSET(I18,-$B$7,0),0)+L17-M17) -> 108600 | M18: =IF(K18<L18,K18,L18) -> 800 | N18: =MAX(0,($B$13-K18)+M18+N17) -> 22300 | O18: =OFFSET(W18,-$B$16,0) -> 1200 | P18: =MAX(0,P17+(O18-R17)*$B$2) -> 1200 | Q18: =IF(OFFSET(N18,-$B$12,0)>0,OFFSET(N18,-$B$12,0),0)+Q17-R17 -> 124000 | R18: =IF(P18<Q18,P18,Q18) -> 1200 | S18: =MAX(0,($B$18-P18)+R18+S17) -> 28300 | T18: =$B$21+IF(U17>=$B$22,-$B$21,IF(V17>2*U17,$B$21*0.5,IF(U17>V17*2,-$B$21*0.5,0))) -> 1200 | U18: =MAX(0,U17+(T17-W17)*$B$2) -> 1200 | V18: =IF(OFFSET(S18,-$B$17,0)>0,OFFSET(S18,-$B$17,0),0)+V17-W17 -> 114400 | W18: =IF(U18<V18,U18,V18) -> 1200 | X18: 16
E19: 17 | F19: =OFFSET(M19,-$B$5,0) -> 400 | G19: =MAX(0,G18+(F19-H18)) -> 3900 | H19: =MAX(0,IF(G19<$B$6,G19,IF(AND(G19>=$B$6+200,MOD(E19,4)=0),200+$B$6,$B$6))) -> 300 | I19: =MAX(0,($B$8-G19)+H19+I18) -> 9000 | J19: =OFFSET(R19,-$B$11,0) -> 1200 | K19: =MAX(0,K18+(J19-M18)*$B$2) -> 1200 | L19: =MAX(0,IF(OFFSET(I19,-$B$7,0)>=0,OFFSET(I19,-$B$7,0),0)+L18-M18) -> 119100 | M19: =IF(K19<L19,K19,L19) -> 1200 | N19: =MAX(0,($B$13-K19)+M19+N18) -> 23800 | O19: =OFFSET(W19,-$B$16,0) -> 1200 | P19: =MAX(0,P18+(O19-R18)*$B$2) -> 1200 | Q19: =IF(OFFSET(N19,-$B$12,0)>0,OFFSET(N19,-$B$12,0),0)+Q18-R18 -> 143600 | R19: =IF(P19<Q19,P19,Q19) -> 1200 | S19: =MAX(0,($B$18-P19)+R19+S18) -> 30400 | T19: =$B$21+IF(U18>=$B$22,-$B$21,IF(V18>2*U18,$B$21*0.5,IF(U18>V18*2,-$B$21*0.5,0))) -> 1200 | U19: =MAX(0,U18+(T18-W18)*$B$2) -> 1200 | V19: =IF(OFFSET(S19,-$B$17,0)>0,OFFSET(S19,-$B$17,0),0)+V18-W18 -> 137300 | W19: =IF(U19<V19,U19,V19) -> 1200 | X19: 17
A20: Initial supply Factory | B20: 2400 | C20: Unit | E20: 18 | F20: =OFFSET(M20,-$B$5,0) -> 800 | G20: =MAX(0,G19+(F20-H19)) -> 4400 | H20: =MAX(0,IF(G20<$B$6,G20,IF(AND(G20>=$B$6+200,MOD(E20,4)=0),200+$B$6,$B$6))) -> 300 | I20: =MAX(0,($B$8-G20)+H20+I19) -> 6200 | J20: =OFFSET(R20,-$B$11,0) -> 1200 | K20: =MAX(0,K19+(J20-M19)*$B$2) -> 1200 | L20: =MAX(0,IF(OFFSET(I20,-$B$7,0)>=0,OFFSET(I20,-$B$7,0),0)+L19-M19) -> 126900 | M20: =IF(K20<L20,K20,L20) -> 1200 | N20: =MAX(0,($B$13-K20)+M20+N19) -> 25300 | O20: =OFFSET(W20,-$B$16,0) -> 1200 | P20: =MAX(0,P19+(O20-R19)*$B$2) -> 1200 | Q20: =IF(OFFSET(N20,-$B$12,0)>0,OFFSET(N20,-$B$12,0),0)+Q19-R19 -> 164700 | R20: =IF(P20<Q20,P20,Q20) -> 1200 | S20: =MAX(0,($B$18-P20)+R20+S19) -> 32500 | T20: =$B$21+IF(U19>=$B$22,-$B$21,IF(V19>2*U19,$B$21*0.5,IF(U19>V19*2,-$B$21*0.5,0))) -> 1200 | U20: =MAX(0,U19+(T19-W19)*$B$2) -> 1200 | V20: =IF(OFFSET(S20,-$B$17,0)>0,OFFSET(S20,-$B$17,0),0)+V19-W19 -> 162300 | W20: =IF(U20<V20,U20,V20) -> 1200 | X20: 18
A21: Average production Factory | B21: 800 | C21: Unit/ Week | E21: 19 | F21: =OFFSET(M21,-$B$5,0) -> 1200 | G21: =MAX(0,G20+(F21-H20)) -> 5300 | H21: =MAX(0,IF(G21<$B$6,G21,IF(AND(G21>=$B$6+200,MOD(E21,4)=0),200+$B$6,$B$6))) -> 300 | I21: =MAX(0,($B$8-G21)+H21+I20) -> 2500 | J21: =OFFSET(R21,-$B$11,0) -> 1200 | K21: =MAX(0,K20+(J21-M20)*$B$2) -> 1200 | L21: =MAX(0,IF(OFFSET(I21,-$B$7,0)>=0,OFFSET(I21,-$B$7,0),0)+L20-M20) -> 131900 | M21: =IF(K21<L21,K21,L21) -> 1200 | N21: =MAX(0,($B$13-K21)+M21+N20) -> 26800 | O21: =OFFSET(W21,-$B$16,0) -> 1200 | P21: =MAX(0,P20+(O21-R20)*$B$2) -> 1200 | Q21: =IF(OFFSET(N21,-$B$12,0)>0,OFFSET(N21,-$B$12,0),0)+Q20-R20 -> 187300 | R21: =IF(P21<Q21,P21,Q21) -> 1200 | S21: =MAX(0,($B$18-P21)+R21+S20) -> 34600 | T21: =$B$21+IF(U20>=$B$22,-$B$21,IF(V20>2*U20,$B$21*0.5,IF(U20>V20*2,-$B$21*0.5,0))) -> 1200 | U21: =MAX(0,U20+(T20-W20)*$B$2) -> 1200 | V21: =IF(OFFSET(S21,-$B$17,0)>0,OFFSET(S21,-$B$17,0),0)+V20-W20 -> 189400 | W21: =IF(U21<V21,U21,V21) -> 1200 | X21: 19
A22: Max supply Factory | B22: 10000 | C22: Unit | E22: 20 | F22: =OFFSET(M22,-$B$5,0) -> 1200 | G22: =MAX(0,G21+(F22-H21)) -> 6200 | H22: =MAX(0,IF(G22<$B$6,G22,IF(AND(G22>=$B$6+200,MOD(E22,4)=0),200+$B$6,$B$6))) -> 500 | I22: =MAX(0,($B$8-G22)+H22+I21) -> 0 | J22: =OFFSET(R22,-$B$11,0) -> 1200 | K22: =MAX(0,K21+(J22-M21)*$B$2) -> 1200 | L22: =MAX(0,IF(OFFSET(I22,-$B$7,0)>=0,OFFSET(I22,-$B$7,0),0)+L21-M21) -> 133200 | M22: =IF(K22<L22,K22,L22) -> 1200 | N22: =MAX(0,($B$13-K22)+M22+N21) -> 28300 | O22: =OFFSET(W22,-$B$16,0) -> 1200 | P22: =MAX(0,P21+(O22-R21)*$B$2) -> 1200 | Q22: =IF(OFFSET(N22,-$B$12,0)>0,OFFSET(N22,-$B$12,0),0)+Q21-R21 -> 211400 | R22: =IF(P22<Q22,P22,Q22) -> 1200 | S22: =MAX(0,($B$18-P22)+R22+S21) -> 36700 | T22: =$B$21+IF(U21>=$B$22,-$B$21,IF(V21>2*U21,$B$21*0.5,IF(U21>V21*2,-$B$21*0.5,0))) -> 1200 | U22: =MAX(0,U21+(T21-W21)*$B$2) -> 1200 | V22: =IF(OFFSET(S22,-$B$17,0)>0,OFFSET(S22,-$B$17,0),0)+V21-W21 -> 218600 | W22: =IF(U22<V22,U22,V22) -> 1200 | X22: 20
E23: 21 | F23: =OFFSET(M23,-$B$5,0) -> 1200 | G23: =MAX(0,G22+(F23-H22)) -> 6900 | H23: =MAX(0,IF(G23<$B$6,G23,IF(AND(G23>=$B$6+200,MOD(E23,4)=0),200+$B$6,$B$6))) -> 300 | I23: =MAX(0,($B$8-G23)+H23+I22) -> 0 | J23: =OFFSET(R23,-$B$11,0) -> 1200 | K23: =MAX(0,K22+(J23-M22)*$B$2) -> 1200 | L23: =MAX(0,IF(OFFSET(I23,-$B$7,0)>=0,OFFSET(I23,-$B$7,0),0)+L22-M22) -> 132000 | M23: =IF(K23<L23,K23,L23) -> 1200 | N23: =MAX(0,($B$13-K23)+M23+N22) -> 29800 | O23: =OFFSET(W23,-$B$16,0) -> 1200 | P23: =MAX(0,P22+(O23-R22)*$B$2) -> 1200 | Q23: =IF(OFFSET(N23,-$B$12,0)>0,OFFSET(N23,-$B$12,0),0)+Q22-R22 -> 237000 | R23: =IF(P23<Q23,P23,Q23) -> 1200 | S23: =MAX(0,($B$18-P23)+R23+S22) -> 38800 | T23: =$B$21+IF(U22>=$B$22,-$B$21,IF(V22>2*U22,$B$21*0.5,IF(U22>V22*2,-$B$21*0.5,0))) -> 1200 | U23: =MAX(0,U22+(T22-W22)*$B$2) -> 1200 | V23: =IF(OFFSET(S23,-$B$17,0)>0,OFFSET(S23,-$B$17,0),0)+V22-W22 -> 249900 | W23: =IF(U23<V23,U23,V23) -> 1200 | X23: 21
E24: 22 | F24: =OFFSET(M24,-$B$5,0) -> 1200 | G24: =MAX(0,G23+(F24-H23)) -> 7800 | H24: =MAX(0,IF(G24<$B$6,G24,IF(AND(G24>=$B$6+200,MOD(E24,4)=0),200+$B$6,$B$6))) -> 300 | I24: =MAX(0,($B$8-G24)+H24+I23) -> 0 | J24: =OFFSET(R24,-$B$11,0) -> 1200 | K24: =MAX(0,K23+(J24-M23)*$B$2) -> 1200 | L24: =MAX(0,IF(OFFSET(I24,-$B$7,0)>=0,OFFSET(I24,-$B$7,0),0)+L23-M23) -> 130800 | M24: =IF(K24<L24,K24,L24) -> 1200 | N24: =MAX(0,($B$13-K24)+M24+N23) -> 31300 | O24: =OFFSET(W24,-$B$16,0) -> 1200 | P24: =MAX(0,P23+(O24-R23)*$B$2) -> 1200 | Q24: =IF(OFFSET(N24,-$B$12,0)>0,OFFSET(N24,-$B$12,0),0)+Q23-R23 -> 264100 | R24: =IF(P24<Q24,P24,Q24) -> 1200 | S24: =MAX(0,($B$18-P24)+R24+S23) -> 40900 | T24: =$B$21+IF(U23>=$B$22,-$B$21,IF(V23>2*U23,$B$21*0.5,IF(U23>V23*2,-$B$21*0.5,0))) -> 1200 | U24: =MAX(0,U23+(T23-W23)*$B$2) -> 1200 | V24: =IF(OFFSET(S24,-$B$17,0)>0,OFFSET(S24,-$B$17,0),0)+V23-W23 -> 283300 | W24: =IF(U24<V24,U24,V24) -> 1200 | X24: 22
E25: 23 | F25: =OFFSET(M25,-$B$5,0) -> 1200 | G25: =MAX(0,G24+(F25-H24)) -> 8700 | H25: =MAX(0,IF(G25<$B$6,G25,IF(AND(G25>=$B$6+200,MOD(E25,4)=0),200+$B$6,$B$6))) -> 300 | I25: =MAX(0,($B$8-G25)+H25+I24) -> 0 | J25: =OFFSET(R25,-$B$11,0) -> 1200 | K25: =MAX(0,K24+(J25-M24)*$B$2) -> 1200 | L25: =MAX(0,IF(OFFSET(I25,-$B$7,0)>=0,OFFSET(I25,-$B$7,0),0)+L24-M24) -> 129600 | M25: =IF(K25<L25,K25,L25) -> 1200 | N25: =MAX(0,($B$13-K25)+M25+N24) -> 32800 | O25: =OFFSET(W25,-$B$16,0) -> 1200 | P25: =MAX(0,P24+(O25-R24)*$B$2) -> 1200 | Q25: =IF(OFFSET(N25,-$B$12,0)>0,OFFSET(N25,-$B$12,0),0)+Q24-R24 -> 292700 | R25: =IF(P25<Q25,P25,Q25) -> 1200 | S25: =MAX(0,($B$18-P25)+R25+S24) -> 43000 | T25: =$B$21+IF(U24>=$B$22,-$B$21,IF(V24>2*U24,$B$21*0.5,IF(U24>V24*2,-$B$21*0.5,0))) -> 1200 | U25: =MAX(0,U24+(T24-W24)*$B$2) -> 1200 | V25: =IF(OFFSET(S25,-$B$17,0)>0,OFFSET(S25,-$B$17,0),0)+V24-W24 -> 318800 | W25: =IF(U25<V25,U25,V25) -> 1200 | X25: 23
E26: 24 | F26: =OFFSET(M26,-$B$5,0) -> 1200 | G26: =MAX(0,G25+(F26-H25)) -> 9600 | H26: =MAX(0,IF(G26<$B$6,G26,IF(AND(G26>=$B$6+200,MOD(E26,4)=0),200+$B$6,$B$6))) -> 500 | I26: =MAX(0,($B$8-G26)+H26+I25) -> 0 | J26: =OFFSET(R26,-$B$11,0) -> 1200 | K26: =MAX(0,K25+(J26-M25)*$B$2) -> 1200 | L26: =MAX(0,IF(OFFSET(I26,-$B$7,0)>=0,OFFSET(I26,-$B$7,0),0)+L25-M25) -> 128400 | M26: =IF(K26<L26,K26,L26) -> 1200 | N26: =MAX(0,($B$13-K26)+M26+N25) -> 34300 | O26: =OFFSET(W26,-$B$16,0) -> 1200 | P26: =MAX(0,P25+(O26-R25)*$B$2) -> 1200 | Q26: =IF(OFFSET(N26,-$B$12,0)>0,OFFSET(N26,-$B$12,0),0)+Q25-R25 -> 322800 | R26: =IF(P26<Q26,P26,Q26) -> 1200 | S26: =MAX(0,($B$18-P26)+R26+S25) -> 45100 | T26: =$B$21+IF(U25>=$B$22,-$B$21,IF(V25>2*U25,$B$21*0.5,IF(U25>V25*2,-$B$21*0.5,0))) -> 1200 | U26: =MAX(0,U25+(T25-W25)*$B$2) -> 1200 | V26: =IF(OFFSET(S26,-$B$17,0)>0,OFFSET(S26,-$B$17,0),0)+V25-W25 -> 356400 | W26: =IF(U26<V26,U26,V26) -> 1200 | X26: 24
E27: 25 | F27: =OFFSET(M27,-$B$5,0) -> 1200 | G27: =MAX(0,G26+(F27-H26)) -> 10300 | H27: =MAX(0,IF(G27<$B$6,G27,IF(AND(G27>=$B$6+200,MOD(E27,4)=0),200+$B$6,$B$6))) -> 300 | I27: =MAX(0,($B$8-G27)+H27+I26) -> 0 | J27: =OFFSET(R27,-$B$11,0) -> 1200 | K27: =MAX(0,K26+(J27-M26)*$B$2) -> 1200 | L27: =MAX(0,IF(OFFSET(I27,-$B$7,0)>=0,OFFSET(I27,-$B$7,0),0)+L26-M26) -> 127200 | M27: =IF(K27<L27,K27,L27) -> 1200 | N27: =MAX(0,($B$13-K27)+M27+N26) -> 35800 | O27: =OFFSET(W27,-$B$16,0) -> 1200 | P27: =MAX(0,P26+(O27-R26)*$B$2) -> 1200 | Q27: =IF(OFFSET(N27,-$B$12,0)>0,OFFSET(N27,-$B$12,0),0)+Q26-R26 -> 354400 | R27: =IF(P27<Q27,P27,Q27) -> 1200 | S27: =MAX(0,($B$18-P27)+R27+S26) -> 47200 | T27: =$B$21+IF(U26>=$B$22,-$B$21,IF(V26>2*U26,$B$21*0.5,IF(U26>V26*2,-$B$21*0.5,0))) -> 1200 | U27: =MAX(0,U26+(T26-W26)*$B$2) -> 1200 | V27: =IF(OFFSET(S27,-$B$17,0)>0,OFFSET(S27,-$B$17,0),0)+V26-W26 -> 396100 | W27: =IF(U27<V27,U27,V27) -> 1200 | X27: 25
E28: 26 | F28: =OFFSET(M28,-$B$5,0) -> 1200 | G28: =MAX(0,G27+(F28-H27)) -> 11200 | H28: =MAX(0,IF(G28<$B$6,G28,IF(AND(G28>=$B$6+200,MOD(E28,4)=0),200+$B$6,$B$6))) -> 300 | I28: =MAX(0,($B$8-G28)+H28+I27) -> 0 | J28: =OFFSET(R28,-$B$11,0) -> 1200 | K28: =MAX(0,K27+(J28-M27)*$B$2) -> 1200 | L28: =MAX(0,IF(OFFSET(I28,-$B$7,0)>=0,OFFSET(I28,-$B$7,0),0)+L27-M27) -> 126000 | M28: =IF(K28<L28,K28,L28) -> 1200 | N28: =MAX(0,($B$13-K28)+M28+N27) -> 37300 | O28: =OFFSET(W28,-$B$16,0) -> 1200 | P28: =MAX(0,P27+(O28-R27)*$B$2) -> 1200 | Q28: =IF(OFFSET(N28,-$B$12,0)>0,OFFSET(N28,-$B$12,0),0)+Q27-R27 -> 387500 | R28: =IF(P28<Q28,P28,Q28) -> 1200 | S28: =MAX(0,($B$18-P28)+R28+S27) -> 49300 | T28: =$B$21+IF(U27>=$B$22,-$B$21,IF(V27>2*U27,$B$21*0.5,IF(U27>V27*2,-$B$21*0.5,0))) -> 1200 | U28: =MAX(0,U27+(T27-W27)*$B$2) -> 1200 | V28: =IF(OFFSET(S28,-$B$17,0)>0,OFFSET(S28,-$B$17,0),0)+V27-W27 -> 437900 | W28: =IF(U28<V28,U28,V28) -> 1200 | X28: 26
E29: 27 | F29: =OFFSET(M29,-$B$5,0) -> 1200 | G29: =MAX(0,G28+(F29-H28)) -> 12100 | H29: =MAX(0,IF(G29<$B$6,G29,IF(AND(G29>=$B$6+200,MOD(E29,4)=0),200+$B$6,$B$6))) -> 300 | I29: =MAX(0,($B$8-G29)+H29+I28) -> 0 | J29: =OFFSET(R29,-$B$11,0) -> 1200 | K29: =MAX(0,K28+(J29-M28)*$B$2) -> 1200 | L29: =MAX(0,IF(OFFSET(I29,-$B$7,0)>=0,OFFSET(I29,-$B$7,0),0)+L28-M28) -> 124800 | M29: =IF(K29<L29,K29,L29) -> 1200 | N29: =MAX(0,($B$13-K29)+M29+N28) -> 38800 | O29: =OFFSET(W29,-$B$16,0) -> 1200 | P29: =MAX(0,P28+(O29-R28)*$B$2) -> 1200 | Q29: =IF(OFFSET(N29,-$B$12,0)>0,OFFSET(N29,-$B$12,0),0)+Q28-R28 -> 422100 | R29: =IF(P29<Q29,P29,Q29) -> 1200 | S29: =MAX(0,($B$18-P29)+R29+S28) -> 51400 | T29: =$B$21+IF(U28>=$B$22,-$B$21,IF(V28>2*U28,$B$21*0.5,IF(U28>V28*2,-$B$21*0.5,0))) -> 1200 | U29: =MAX(0,U28+(T28-W28)*$B$2) -> 1200 | V29: =IF(OFFSET(S29,-$B$17,0)>0,OFFSET(S29,-$B$17,0),0)+V28-W28 -> 481800 | W29: =IF(U29<V29,U29,V29) -> 1200 | X29: 27
E30: 28 | F30: =OFFSET(M30,-$B$5,0) -> 1200 | G30: =MAX(0,G29+(F30-H29)) -> 13000 | H30: =MAX(0,IF(G30<$B$6,G30,IF(AND(G30>=$B$6+200,MOD(E30,4)=0),200+$B$6,$B$6))) -> 500 | I30: =MAX(0,($B$8-G30)+H30+I29) -> 0 | J30: =OFFSET(R30,-$B$11,0) -> 1200 | K30: =MAX(0,K29+(J30-M29)*$B$2) -> 1200 | L30: =MAX(0,IF(OFFSET(I30,-$B$7,0)>=0,OFFSET(I30,-$B$7,0),0)+L29-M29) -> 123600 | M30: =IF(K30<L30,K30,L30) -> 1200 | N30: =MAX(0,($B$13-K30)+M30+N29) -> 40300 | O30: =OFFSET(W30,-$B$16,0) -> 1200 | P30: =MAX(0,P29+(O30-R29)*$B$2) -> 1200 | Q30: =IF(OFFSET(N30,-$B$12,0)>0,OFFSET(N30,-$B$12,0),0)+Q29-R29 -> 458200 | R30: =IF(P30<Q30,P30,Q30) -> 1200 | S30: =MAX(0,($B$18-P30)+R30+S29) -> 53500 | T30: =$B$21+IF(U29>=$B$22,-$B$21,IF(V29>2*U29,$B$21*0.5,IF(U29>V29*2,-$B$21*0.5,0))) -> 1200 | U30: =MAX(0,U29+(T29-W29)*$B$2) -> 1200 | V30: =IF(OFFSET(S30,-$B$17,0)>0,OFFSET(S30,-$B$17,0),0)+V29-W29 -> 527800 | W30: =IF(U30<V30,U30,V30) -> 1200 | X30: 28
E31: 29 | F31: =OFFSET(M31,-$B$5,0) -> 1200 | G31: =MAX(0,G30+(F31-H30)) -> 13700 | H31: =MAX(0,IF(G31<$B$6,G31,IF(AND(G31>=$B$6+200,MOD(E31,4)=0),200+$B$6,$B$6))) -> 300 | I31: =MAX(0,($B$8-G31)+H31+I30) -> 0 | J31: =OFFSET(R31,-$B$11,0) -> 1200 | K31: =MAX(0,K30+(J31-M30)*$B$2) -> 1200 | L31: =MAX(0,IF(OFFSET(I31,-$B$7,0)>=0,OFFSET(I31,-$B$7,0),0)+L30-M30) -> 122400 | M31: =IF(K31<L31,K31,L31) -> 1200 | N31: =MAX(0,($B$13-K31)+M31+N30) -> 41800 | O31: =OFFSET(W31,-$B$16,0) -> 1200 | P31: =MAX(0,P30+(O31-R30)*$B$2) -> 1200 | Q31: =IF(OFFSET(N31,-$B$12,0)>0,OFFSET(N31,-$B$12,0),0)+Q30-R30 -> 495800 | R31: =IF(P31<Q31,P31,Q31) -> 1200 | S31: =MAX(0,($B$18-P31)+R31+S30) -> 55600 | T31: =$B$21+IF(U30>=$B$22,-$B$21,IF(V30>2*U30,$B$21*0.5,IF(U30>V30*2,-$B$21*0.5,0))) -> 1200 | U31: =MAX(0,U30+(T30-W30)*$B$2) -> 1200 | V31: =IF(OFFSET(S31,-$B$17,0)>0,OFFSET(S31,-$B$17,0),0)+V30-W30 -> 575900 | W31: =IF(U31<V31,U31,V31) -> 1200 | X31: 29
E32: 30 | F32: =OFFSET(M32,-$B$5,0) -> 1200 | G32: =MAX(0,G31+(F32-H31)) -> 14600 | H32: =MAX(0,IF(G32<$B$6,G32,IF(AND(G32>=$B$6+200,MOD(E32,4)=0),200+$B$6,$B$6))) -> 300 | I32: =MAX(0,($B$8-G32)+H32+I31) -> 0 | J32: =OFFSET(R32,-$B$11,0) -> 1200 | K32: =MAX(0,K31+(J32-M31)*$B$2) -> 1200 | L32: =MAX(0,IF(OFFSET(I32,-$B$7,0)>=0,OFFSET(I32,-$B$7,0),0)+L31-M31) -> 121200 | M32: =IF(K32<L32,K32,L32) -> 1200 | N32: =MAX(0,($B$13-K32)+M32+N31) -> 43300 | O32: =OFFSET(W32,-$B$16,0) -> 1200 | P32: =MAX(0,P31+(O32-R31)*$B$2) -> 1200 | Q32: =IF(OFFSET(N32,-$B$12,0)>0,OFFSET(N32,-$B$12,0),0)+Q31-R31 -> 534900 | R32: =IF(P32<Q32,P32,Q32) -> 1200 | S32: =MAX(0,($B$18-P32)+R32+S31) -> 57700 | T32: =$B$21+IF(U31>=$B$22,-$B$21,IF(V31>2*U31,$B$21*0.5,IF(U31>V31*2,-$B$21*0.5,0))) -> 1200 | U32: =MAX(0,U31+(T31-W31)*$B$2) -> 1200 | V32: =IF(OFFSET(S32,-$B$17,0)>0,OFFSET(S32,-$B$17,0),0)+V31-W31 -> 626100 | W32: =IF(U32<V32,U32,V32) -> 1200 | X32: 30
E33: 31 | F33: =OFFSET(M33,-$B$5,0) -> 1200 | G33: =MAX(0,G32+(F33-H32)) -> 15500 | H33: =MAX(0,IF(G33<$B$6,G33,IF(AND(G33>=$B$6+200,MOD(E33,4)=0),200+$B$6,$B$6))) -> 300 | I33: =MAX(0,($B$8-G33)+H33+I32) -> 0 | J33: =OFFSET(R33,-$B$11,0) -> 1200 | K33: =MAX(0,K32+(J33-M32)*$B$2) -> 1200 | L33: =MAX(0,IF(OFFSET(I33,-$B$7,0)>=0,OFFSET(I33,-$B$7,0),0)+L32-M32) -> 120000 | M33: =IF(K33<L33,K33,L33) -> 1200 | N33: =MAX(0,($B$13-K33)+M33+N32) -> 44800 | O33: =OFFSET(W33,-$B$16,0) -> 1200 | P33: =MAX(0,P32+(O33-R32)*$B$2) -> 1200 | Q33: =IF(OFFSET(N33,-$B$12,0)>0,OFFSET(N33,-$B$12,0),0)+Q32-R32 -> 575500 | R33: =IF(P33<Q33,P33,Q33) -> 1200 | S33: =MAX(0,($B$18-P33)+R33+S32) -> 59800 | T33: =$B$21+IF(U32>=$B$22,-$B$21,IF(V32>2*U32,$B$21*0.5,IF(U32>V32*2,-$B$21*0.5,0))) -> 1200 | U33: =MAX(0,U32+(T32-W32)*$B$2) -> 1200 | V33: =IF(OFFSET(S33,-$B$17,0)>0,OFFSET(S33,-$B$17,0),0)+V32-W32 -> 678400 | W33: =IF(U33<V33,U33,V33) -> 1200 | X33: 31
E34: 32 | F34: =OFFSET(M34,-$B$5,0) -> 1200 | G34: =MAX(0,G33+(F34-H33)) -> 16400 | H34: =MAX(0,IF(G34<$B$6,G34,IF(AND(G34>=$B$6+200,MOD(E34,4)=0),200+$B$6,$B$6))) -> 500 | I34: =MAX(0,($B$8-G34)+H34+I33) -> 0 | J34: =OFFSET(R34,-$B$11,0) -> 1200 | K34: =MAX(0,K33+(J34-M33)*$B$2) -> 1200 | L34: =MAX(0,IF(OFFSET(I34,-$B$7,0)>=0,OFFSET(I34,-$B$7,0),0)+L33-M33) -> 118800 | M34: =IF(K34<L34,K34,L34) -> 1200 | N34: =MAX(0,($B$13-K34)+M34+N33) -> 46300 | O34: =OFFSET(W34,-$B$16,0) -> 1200 | P34: =MAX(0,P33+(O34-R33)*$B$2) -> 1200 | Q34: =IF(OFFSET(N34,-$B$12,0)>0,OFFSET(N34,-$B$12,0),0)+Q33-R33 -> 617600 | R34: =IF(P34<Q34,P34,Q34) -> 1200 | S34: =MAX(0,($B$18-P34)+R34+S33) -> 61900 | T34: =$B$21+IF(U33>=$B$22,-$B$21,IF(V33>2*U33,$B$21*0.5,IF(U33>V33*2,-$B$21*0.5,0))) -> 1200 | U34: =MAX(0,U33+(T33-W33)*$B$2) -> 1200 | V34: =IF(OFFSET(S34,-$B$17,0)>0,OFFSET(S34,-$B$17,0),0)+V33-W33 -> 732800 | W34: =IF(U34<V34,U34,V34) -> 1200 | X34: 32
... E402: 400 | F402: =OFFSET(M402,-$B$5,0) -> 0 | G402: =MAX(0,G401+(F402-H401)) -> 7600 | H402: =MAX(0,IF(G402<$B$6,G402,IF(AND(G402>=$B$6+200,MOD(E402,4)=0),200+$B$6,$B$6))) -> 500 | I402: =MAX(0,($B$8-G402)+H402+I401) -> 0 | J402: =OFFSET(R402,-$B$11,0) -> 1200 | K402: =MAX(0,K401+(J402-M401)*$B$2) -> 324000 | L402: =MAX(0,IF(OFFSET(I402,-$B$7,0)>=0,OFFSET(I402,-$B$7,0),0)+L401-M401) -> 0 | M402: =IF(K402<L402,K402,L402) -> 0 | N402: =MAX(0,($B$13-K402)+M402+N401) -> 0 | O402: =OFFSET(W402,-$B$16,0) -> 1200 | P402: =MAX(0,P401+(O402-R401)*$B$2) -> 1200 | Q402: =IF(OFFSET(N402,-$B$12,0)>0,OFFSET(N402,-$B$12,0),0)+Q401-R401 -> 14448900 | R402: =IF(P402<Q402,P402,Q402) -> 1200 | S402: =MAX(0,($B$18-P402)+R402+S401) -> 834700 | T402: =$B$21+IF(U401>=$B$22,-$B$21,IF(V401>2*U401,$B$21*0.5,IF(U401>V401*2,-$B$21*0.5,0))) -> 1200 | U402: =MAX(0,U401+(T401-W401)*$B$2) -> 1200 | V402: =IF(OFFSET(S402,-$B$17,0)>0,OFFSET(S402,-$B$17,0),0)+V401-W401 -> 163333600 | W402: =IF(U402<V402,U402,V402) -> 1200 | X402: 400
F404: =SUM(F2:F402) -> 145800 | J404: =SUM(J2:J402) -> 468600 | M404: =SUM(M2:M402) -> 145800 | O404: =SUM(O2:O402) -> 470400 | R404: =SUM(R2:R402) -> 472200 | W404: =SUM(W2:W402) -> 475200

Sheet Model Excel_2
A1: Model Excel_2 with limits | F1: Incoming goods Retail, Unit/ Week | G1: Warehouse Retail, Unit | H1: Outgoing goods Retail, Unit/ Week | I1: Orders Retail, Unit/ Week | J1: Incoming goods Wholesale, Unit/ Week | K1: Warehouse Wholesale, Unit | L1: Placed orders Retail, Unit | M1: Outgoing goods Wholesale, Unit/ Week | N1: Orders Wholesale, Unit/ Week | O1: Incoming goods RWH, Unit/ Week | P1: Warehouse RWH, Unit | Q1: Outgoing orders Wholesale, Unit/ Week | R1: Outgoing goods RWH, Unit/ Week | S1: Orders RWH, Unit/ Week | T1: Production Factory, Unit/ Week | U1: Warehouse Factory, Unit | V1: Outgoing orders RWH, Unit/ Week | W1: Outgoing goods Factory, Unit/ Week
A2: TIME STEP | B2: 1 | C2: Week | E2: 0 | F2: 0 | G2: =B4 -> 900 | H2: 0 | I2: 0 | J2: 0 | K2: =B10 -> 1200 | L2: 0 | M2: 0 | N2: 0 | O2: 0 | P2: =B16 -> 1800 | Q2: 0 | R2: =N2 -> 0 | S2: 0 | T2: 0 | U2: =$B$22 -> 2400 | V2: 0 | W2: 0 | X2: 0
E3: 1 | F3: 0 | G3: =MAX(0,G2+(F3-H2)) -> 900 | H3: =MAX(0,IF(G3<$B$6,G3,IF(AND(G3>=$B$6+200,MOD(E3,4)=0),200+$B$6,$B$6))) -> 300 | I3: =MAX(0,($B$8-G3)+H3+I2) -> 700 | J3: 0 | K3: =MAX(0,K2+(J3-M2)*$B$2) -> 1200 | L3: =MAX(0,IF(OFFSET(I3,-$B$7,0)>=$B$14,$B$14,0)+L2-M2) -> 0 | M3: =IF(AND(K3>=$B$14,L3>0),$B$14,0) -> 0 | N3: =MAX(0,($B$13-K3)+M3+N2) -> 300 | O3: 0 | P3: =MAX(0,P2+(O3-R2)*$B$2) -> 1800 | Q3: 0 | R3: =IF(AND(P3>=$B$20,Q3>0),$B$20,0) -> 0 | S3: =MAX(0,($B$19-P3)+R3+S2) -> 300 | T3: =$B$23+IF(U2>=$B$25,-$B$23,IF(V2>2*U2,$B$23*0.5,IF(U2>V2*2,-$B$23*0.5,0))) -> 400 | U3: =MAX(0,U2+(T2-W2)*$B$2) -> 2400 | V3: 0 | W3: 0 | X3: 1
A4: Initial supply Retail | B4: 900 | C4: Unit | E4: 2 | F4: =OFFSET(M4,-$B$5,0) -> 0 | G4: =MAX(0,G3+(F4-H3)) -> 600 | H4: =MAX(0,IF(G4<$B$6,G4,IF(AND(G4>=$B$6+200,MOD(E4,4)=0),200+$B$6,$B$6))) -> 300 | I4: =MAX(0,($B$8-G4)+H4+I3) -> 1700 | J4: 0 | K4: =MAX(0,K3+(J4-M3)*$B$2) -> 1200 | L4: =MAX(0,IF(OFFSET(I4,-$B$7,0)>=$B$14,$B$14,0)+L3-M3) -> 0 | M4: =IF(AND(K4>=$B$14,L4>0),$B$14,0) -> 0 | N4: =MAX(0,($B$13-K4)+M4+N3) -> 600 | O4: 0 | P4: =MAX(0,P3+(O4-R3)*$B$2) -> 1800 | Q4: =IF(OFFSET(N4,-$B$12,0)>=$B$20,$B$20,0)+Q3-R3 -> 0 | R4: =IF(AND(P4>=$B$20,Q4>0),$B$20,0) -> 0 | S4: =MAX(0,($B$19-P4)+R4+S3) -> 600 | T4: =$B$23+IF(U3>=$B$25,-$B$23,IF(V3>2*U3,$B$23*0.5,IF(U3>V3*2,-$B$23*0.5,0))) -> 400 | U4: =MAX(0,U3+(T3-W3)*$B$2) -> 2800 | V4: 0 | W4: =IF(AND(U4>=$B$24,V4>=$B$24),$B$24,0) -> 0 | X4: 2
A5: Delivery time to Retail | B5: 2 | C5: Week | E5: 3 | F5: =OFFSET(M5,-$B$5,0) -> 0 | G5: =MAX(0,G4+(F5-H4)) -> 300 | H5: =MAX(0,IF(G5<$B$6,G5,IF(AND(G5>=$B$6+200,MOD(E5,4)=0),200+$B$6,$B$6))) -> 300 | I5: =MAX(0,($B$8-G5)+H5+I4) -> 3000 | J5: =OFFSET(R5,-$B$11,0) -> 0 | K5: =MAX(0,K4+(J5-M4)*$B$2) -> 1200 | L5: =MAX(0,IF(OFFSET(I5,-$B$7,0)>=$B$14,$B$14,0)+L4-M4) -> 1000 | M5: =IF(AND(K5>=$B$14,L5>0),$B$14,0) -> 1000 | N5: =MAX(0,($B$13-K5)+M5+N4) -> 1900 | O5: 0 | P5: =MAX(0,P4+(O5-R4)*$B$2) -> 1800 | Q5: =IF(OFFSET(N5,-$B$12,0)>=$B$20,$B$20,0)+Q4-R4 -> 0 | R5: =IF(AND(P5>=$B$20,Q5>0),$B$20,0) -> 0 | S5: =MAX(0,($B$19-P5)+R5+S4) -> 900 | T5: =$B$23+IF(U4>=$B$25,-$B$23,IF(V4>2*U4,$B$23*0.5,IF(U4>V4*2,-$B$23*0.5,0))) -> 400 | U5: =MAX(0,U4+(T4-W4)*$B$2) -> 3200 | V5: =IF(OFFSET(S5,-$B$18,0)>=$B$24,$B$24,0)+V4-W4 -> 0 | W5: =IF(AND(U5>=$B$24,V5>=$B$24),$B$24,0) -> 0 | X5: 3
A6: Average amount of sales Retail | B6: 300 | C6: Unit/ Week | E6: 4 | F6: =OFFSET(M6,-$B$5,0) -> 0 | G6: =MAX(0,G5+(F6-H5)) -> 0 | H6: =MAX(0,IF(G6<$B$6,G6,IF(AND(G6>=$B$6+200,MOD(E6,4)=0),200+$B$6,$B$6))) -> 0 | I6: =MAX(0,($B$8-G6)+H6+I5) -> 4300 | J6: =OFFSET(R6,-$B$11,0) -> 0 | K6: =MAX(0,K5+(J6-M5)*$B$2) -> 200 | L6: =MAX(0,IF(OFFSET(I6,-$B$7,0)>=$B$14,$B$14,0)+L5-M5) -> 1000 | M6: =IF(AND(K6>=$B$14,L6>0),$B$14,0) -> 0 | N6: =MAX(0,($B$13-K6)+M6+N5) -> 3200 | O6: =OFFSET(W6,-$B$17,0) -> 0 | P6: =MAX(0,P5+(O6-R5)*$B$2) -> 1800 | Q6: =IF(OFFSET(N6,-$B$12,0)>=$B$20,$B$20,0)+Q5-R5 -> 0 | R6: =IF(AND(P6>=$B$20,Q6>0),$B$20,0) -> 0 | S6: =MAX(0,($B$19-P6)+R6+S5) -> 1200 | T6: =$B$23+IF(U5>=$B$25,-$B$23,IF(V5>2*U5,$B$23*0.5,IF(U5>V5*2,-$B$23*0.5,0))) -> 400 | U6: =MAX(0,U5+(T5-W5)*$B$2) -> 3600 | V6: =IF(OFFSET(S6,-$B$18,0)>=$B$24,$B$24,0)+V5-W5 -> 0 | W6: =IF(AND(U6>=$B$24,V6>=$B$24),$B$24,0) -> 0 | X6: 4
A7: Time to fill oder for Retail | B7: 1 | C7: Week | E7: 5 | F7: =OFFSET(M7,-$B$5,0) -> 1000 | G7: =MAX(0,G6+(F7-H6)) -> 1000 | H7: =MAX(0,IF(G7<$B$6,G7,IF(AND(G7>=$B$6+200,MOD(E7,4)=0),200+$B$6,$B$6))) -> 300 | I7: =MAX(0,($B$8-G7)+H7+I6) -> 4900 | J7: =OFFSET(R7,-$B$11,0) -> 0 | K7: =MAX(0,K6+(J7-M6)*$B$2) -> 200 | L7: =MAX(0,IF(OFFSET(I7,-$B$7,0)>=$B$14,$B$14,0)+L6-M6) -> 2000 | M7: =IF(AND(K7>=$B$14,L7>0),$B$14,0) -> 0 | N7: =MAX(0,($B$13-K7)+M7+N6) -> 4500 | O7: =OFFSET(W7,-$B$17,0) -> 0 | P7: =MAX(0,P6+(O7-R6)*$B$2) -> 1800 | Q7: =IF(OFFSET(N7,-$B$12,0)>=$B$20,$B$20,0)+Q6-R6 -> 1500 | R7: =IF(AND(P7>=$B$20,Q7>0),$B$20,0) -> 1500 | S7: =MAX(0,($B$19-P7)+R7+S6) -> 3000 | T7: =$B$23+IF(U6>=$B$25,-$B$23,IF(V6>2*U6,$B$23*0.5,IF(U6>V6*2,-$B$23*0.5,0))) -> 400 | U7: =MAX(0,U6+(T6-W6)*$B$2) -> 4000 | V7: =IF(OFFSET(S7,-$B$18,0)>=$B$24,$B$24,0)+V6-W6 -> 0 | W7: =IF(AND(U7>=$B$24,V7>=$B$24),$B$24,0) -> 0 | X7: 5
A8: Desired supply Retail | B8: 1300 | C8: Unit | E8: 6 | F8: =OFFSET(M8,-$B$5,0) -> 0 | G8: =MAX(0,G7+(F8-H7)) -> 700 | H8: =MAX(0,IF(G8<$B$6,G8,IF(AND(G8>=$B$6+200,MOD(E8,4)=0),200+$B$6,$B$6))) -> 300 | I8: =MAX(0,($B$8-G8)+H8+I7) -> 5800 | J8: =OFFSET(R8,-$B$11,0) -> 0 | K8: =MAX(0,K7+(J8-M7)*$B$2) -> 200 | L8: =MAX(0,IF(OFFSET(I8,-$B$7,0)>=$B$14,$B$14,0)+L7-M7) -> 3000 | M8: =IF(AND(K8>=$B$14,L8>0),$B$14,0) -> 0 | N8: =MAX(0,($B$13-K8)+M8+N7) -> 5800 | O8: =OFFSET(W8,-$B$17,0) -> 0 | P8: =MAX(0,P7+(O8-R7)*$B$2) -> 300 | Q8: =IF(OFFSET(N8,-$B$12,0)>=$B$20,$B$20,0)+Q7-R7 -> 1500 | R8: =IF(AND(P8>=$B$20,Q8>0),$B$20,0) -> 0 | S8: =MAX(0,($B$19-P8)+R8+S7) -> 4800 | T8: =$B$23+IF(U7>=$B$25,-$B$23,IF(V7>2*U7,$B$23*0.5,IF(U7>V7*2,-$B$23*0.5,0))) -> 400 | U8: =MAX(0,U7+(T7-W7)*$B$2) -> 4400 | V8: =IF(OFFSET(S8,-$B$18,0)>=$B$24,$B$24,0)+V7-W7 -> 0 | W8: =IF(AND(U8>=$B$24,V8>=$B$24),$B$24,0) -> 0 | X8: 6
E9: 7 | F9: =OFFSET(M9,-$B$5,0) -> 0 | G9: =MAX(0,G8+(F9-H8)) -> 400 | H9: =MAX(0,IF(G9<$B$6,G9,IF(AND(G9>=$B$6+200,MOD(E9,4)=0),200+$B$6,$B$6))) -> 300 | I9: =MAX(0,($B$8-G9)+H9+I8) -> 7000 | J9: =OFFSET(R9,-$B$11,0) -> 0 | K9: =MAX(0,K8+(J9-M8)*$B$2) -> 200 | L9: =MAX(0,IF(OFFSET(I9,-$B$7,0)>=$B$14,$B$14,0)+L8-M8) -> 4000 | M9: =IF(AND(K9>=$B$14,L9>0),$B$14,0) -> 0 | N9: =MAX(0,($B$13-K9)+M9+N8) -> 7100 | O9: =OFFSET(W9,-$B$17,0) -> 0 | P9: =MAX(0,P8+(O9-R8)*$B$2) -> 300 | Q9: =IF(OFFSET(N9,-$B$12,0)>=$B$20,$B$20,0)+Q8-R8 -> 3000 | R9: =IF(AND(P9>=$B$20,Q9>0),$B$20,0) -> 0 | S9: =MAX(0,($B$19-P9)+R9+S8) -> 6600 | T9: =$B$23+IF(U8>=$B$25,-$B$23,IF(V8>2*U8,$B$23*0.5,IF(U8>V8*2,-$B$23*0.5,0))) -> 400 | U9: =MAX(0,U8+(T8-W8)*$B$2) -> 4800 | V9: =IF(OFFSET(S9,-$B$18,0)>=$B$24,$B$24,0)+V8-W8 -> 0 | W9: =IF(AND(U9>=$B$24,V9>=$B$24),$B$24,0) -> 0 | X9: 7
A10: Initial supply Wholesale | B10: 1200 | C10: Unit | E10: 8 | F10: =OFFSET(M10,-$B$5,0) -> 0 | G10: =MAX(0,G9+(F10-H9)) -> 100 | H10: =MAX(0,IF(G10<$B$6,G10,IF(AND(G10>=$B$6+200,MOD(E10,4)=0),200+$B$6,$B$6))) -> 100 | I10: =MAX(0,($B$8-G10)+H10+I9) -> 8300 | J10: =OFFSET(R10,-$B$11,0) -> 1500 | K10: =MAX(0,K9+(J10-M9)*$B$2) -> 1700 | L10: =MAX(0,IF(OFFSET(I10,-$B$7,0)>=$B$14,$B$14,0)+L9-M9) -> 5000 | M10: =IF(AND(K10>=$B$14,L10>0),$B$14,0) -> 1000 | N10: =MAX(0,($B$13-K10)+M10+N9) -> 7900 | O10: =OFFSET(W10,-$B$17,0) -> 0 | P10: =MAX(0,P9+(O10-R9)*$B$2) -> 300 | Q10: =IF(OFFSET(N10,-$B$12,0)>=$B$20,$B$20,0)+Q9-R9 -> 4500 | R10: =IF(AND(P10>=$B$20,Q10>0),$B$20,0) -> 0 | S10: =MAX(0,($B$19-P10)+R10+S9) -> 8400 | T10: =$B$23+IF(U9>=$B$25,-$B$23,IF(V9>2*U9,$B$23*0.5,IF(U9>V9*2,-$B$23*0.5,0))) -> 400 | U10: =MAX(0,U9+(T9-W9)*$B$2) -> 5200 | V10: =IF(OFFSET(S10,-$B$18,0)>=$B$24,$B$24,0)+V9-W9 -> 2000 | W10: =IF(AND(U10>=$B$24,V10>=$B$24),$B$24,0) -> 2000 | X10: 8
A11: Delivery time to Wholesale | B11: 3 | C11: Week | E11: 9 | F11: =OFFSET(M11,-$B$5,0) -> 0 | G11: =MAX(0,G10+(F11-H10)) -> 0 | H11: =MAX(0,IF(G11<$B$6,G11,IF(AND(G11>=$B$6+200,MOD(E11,4)=0),200+$B$6,$B$6))) -> 0 | I11: =MAX(0,($B$8-G11)+H11+I10) -> 9600 | J11: =OFFSET(R11,-$B$11,0) -> 0 | K11: =MAX(0,K10+(J11-M10)*$B$2) -> 700 | L11: =MAX(0,IF(OFFSET(I11,-$B$7,0)>=$B$14,$B$14,0)+L10-M10) -> 5000 | M11: =IF(AND(K11>=$B$14,L11>0),$B$14,0) -> 0 | N11: =MAX(0,($B$13-K11)+M11+N10) -> 8700 | O11: =OFFSET(W11,-$B$17,0) -> 0 | P11: =MAX(0,P10+(O11-R10)*$B$2) -> 300 | Q11: =IF(OFFSET(N11,-$B$12,0)>=$B$20,$B$20,0)+Q10-R10 -> 6000 | R11: =IF(AND(P11>=$B$20,Q11>0),$B$20,0) -> 0 | S11: =MAX(0,($B$19-P11)+R11+S10) -> 10200 | T11: =$B$23+IF(U10>=$B$25,-$B$23,IF(V10>2*U10,$B$23*0.5,IF(U10>V10*2,-$B$23*0.5,0))) -> 400 | U11: =MAX(0,U10+(T10-W10)*$B$2) -> 3600 | V11: =IF(OFFSET(S11,-$B$18,0)>=$B$24,$B$24,0)+V10-W10 -> 2000 | W11: =IF(AND(U11>=$B$24,V11>=$B$24),$B$24,0) -> 2000 | X11: 9
A12: Time to fill oder for Wholesale | B12: 2 | C12: Week | E12: 10 | F12: =OFFSET(M12,-$B$5,0) -> 1000 | G12: =MAX(0,G11+(F12-H11)) -> 1000 | H12: =MAX(0,IF(G12<$B$6,G12,IF(AND(G12>=$B$6+200,MOD(E12,4)=0),200+$B$6,$B$6))) -> 300 | I12: =MAX(0,($B$8-G12)+H12+I11) -> 10200 | J12: =OFFSET(R12,-$B$11,0) -> 0 | K12: =MAX(0,K11+(J12-M11)*$B$2) -> 700 | L12: =MAX(0,IF(OFFSET(I12,-$B$7,0)>=$B$14,$B$14,0)+L11-M11) -> 6000 | M12: =IF(AND(K12>=$B$14,L12>0),$B$14,0) -> 0 | N12: =MAX(0,($B$13-K12)+M12+N11) -> 9500 | O12: =OFFSET(W12,-$B$17,0) -> 0 | P12: =MAX(0,P11+(O12-R11)*$B$2) -> 300 | Q12: =IF(OFFSET(N12,-$B$12,0)>=$B$20,$B$20,0)+Q11-R11 -> 7500 | R12: =IF(AND(P12>=$B$20,Q12>0),$B$20,0) -> 0 | S12: =MAX(0,($B$19-P12)+R12+S11) -> 12000 | T12: =$B$23+IF(U11>=$B$25,-$B$23,IF(V11>2*U11,$B$23*0.5,IF(U11>V11*2,-$B$23*0.5,0))) -> 800 | U12: =MAX(0,U11+(T11-W11)*$B$2) -> 2000 | V12: =IF(OFFSET(S12,-$B$18,0)>=$B$24,$B$24,0)+V11-W11 -> 2000 | W12: =IF(AND(U12>=$B$24,V12>=$B$24),$B$24,0) -> 2000 | X12: 10
A13: Desired supply Wholesale | B13: 1500 | C13: Unit | E13: 11 | F13: =OFFSET(M13,-$B$5,0) -> 0 | G13: =MAX(0,G12+(F13-H12)) -> 700 | H13: =MAX(0,IF(G13<$B$6,G13,IF(AND(G13>=$B$6+200,MOD(E13,4)=0),200+$B$6,$B$6))) -> 300 | I13: =MAX(0,($B$8-G13)+H13+I12) -> 11100 | J13: =OFFSET(R13,-$B$11,0) -> 0 | K13: =MAX(0,K12+(J13-M12)*$B$2) -> 700 | L13: =MAX(0,IF(OFFSET(I13,-$B$7,0)>=$B$14,$B$14,0)+L12-M12) -> 7000 | M13: =IF(AND(K13>=$B$14,L13>0),$B$14,0) -> 0 | N13: =MAX(0,($B$13-K13)+M13+N12) -> 10300 | O13: =OFFSET(W13,-$B$17,0) -> 0 | P13: =MAX(0,P12+(O13-R12)*$B$2) -> 300 | Q13: =IF(OFFSET(N13,-$B$12,0)>=$B$20,$B$20,0)+Q12-R12 -> 9000 | R13: =IF(AND(P13>=$B$20,Q13>0),$B$20,0) -> 0 | S13: =MAX(0,($B$19-P13)+R13+S12) -> 13800 | T13: =$B$23+IF(U12>=$B$25,-$B$23,IF(V12>2*U12,$B$23*0.5,IF(U12>V12*2,-$B$23*0.5,0))) -> 800 | U13: =MAX(0,U12+(T12-W12)*$B$2) -> 800 | V13: =IF(OFFSET(S13,-$B$18,0)>=$B$24,$B$24,0)+V12-W12 -> 2000 | W13: =IF(AND(U13>=$B$24,V13>=$B$24),$B$24,0) -> 0 | X13: 11
A14: Min order size of Wholesale | B14: 1000 | C14: Unit | E14: 12 | F14: =OFFSET(M14,-$B$5,0) -> 0 | G14: =MAX(0,G13+(F14-H13)) -> 400 | H14: =MAX(0,IF(G14<$B$6,G14,IF(AND(G14>=$B$6+200,MOD(E14,4)=0),200+$B$6,$B$6))) -> 300 | I14: =MAX(0,($B$8-G14)+H14+I13) -> 12300 | J14: =OFFSET(R14,-$B$11,0) -> 0 | K14: =MAX(0,K13+(J14-M13)*$B$2) -> 700 | L14: =MAX(0,IF(OFFSET(I14,-$B$7,0)>=$B$14,$B$14,0)+L13-M13) -> 8000 | M14: =IF(AND(K14>=$B$14,L14>0),$B$14,0) -> 0 | N14: =MAX(0,($B$13-K14)+M14+N13) -> 11100 | O14: =OFFSET(W14,-$B$17,0) -> 2000 | P14: =MAX(0,P13+(O14-R13)*$B$2) -> 2300 | Q14: =IF(OFFSET(N14,-$B$12,0)>=$B$20,$B$20,0)+Q13-R13 -> 10500 | R14: =IF(AND(P14>=$B$20,Q14>0),$B$20,0) -> 1500 | S14: =MAX(0,($B$19-P14)+R14+S13) -> 15100 | T14: =$B$23+IF(U13>=$B$25,-$B$23,IF(V13>2*U13,$B$23*0.5,IF(U13>V13*2,-$B$23*0.5,0))) -> 1200 | U14: =MAX(0,U13+(T13-W13)*$B$2) -> 1600 | V14: =IF(OFFSET(S14,-$B$18,0)>=$B$24,$B$24,0)+V13-W13 -> 4000 | W14: =IF(AND(U14>=$B$24,V14>=$B$24),$B$24,0) -> 0 | X14: 12
E15: 13 | F15: =OFFSET(M15,-$B$5,0) -> 0 | G15: =MAX(0,G14+(F15-H14)) -> 100 | H15: =MAX(0,IF(G15<$B$6,G15,IF(AND(G15>=$B$6+200,MOD(E15,4)=0),200+$B$6,$B$6))) -> 100 | I15: =MAX(0,($B$8-G15)+H15+I14) -> 13600 | J15: =OFFSET(R15,-$B$11,0) -> 0 | K15: =MAX(0,K14+(J15-M14)*$B$2) -> 700 | L15: =MAX(0,IF(OFFSET(I15,-$B$7,0)>=$B$14,$B$14,0)+L14-M14) -> 9000 | M15: =IF(AND(K15>=$B$14,L15>0),$B$14,0) -> 0 | N15: =MAX(0,($B$13-K15)+M15+N14) -> 11900 | O15: =OFFSET(W15,-$B$17,0) -> 2000 | P15: =MAX(0,P14+(O15-R14)*$B$2) -> 2800 | Q15: =IF(OFFSET(N15,-$B$12,0)>=$B$20,$B$20,0)+Q14-R14 -> 10500 | R15: =IF(AND(P15>=$B$20,Q15>0),$B$20,0) -> 1500 | S15: =MAX(0,($B$19-P15)+R15+S14) -> 15900 | T15: =$B$23+IF(U14>=$B$25,-$B$23,IF(V14>2*U14,$B$23*0.5,IF(U14>V14*2,-$B$23*0.5,0))) -> 1200 | U15: =MAX(0,U14+(T14-W14)*$B$2) -> 2800 | V15: =IF(OFFSET(S15,-$B$18,0)>=$B$24,$B$24,0)+V14-W14 -> 6000 | W15: =IF(AND(U15>=$B$24,V15>=$B$24),$B$24,0) -> 2000 | X15: 13
A16: Initial supply Regional Warehouse | B16: 1800 | C16: Unit | E16: 14 | F16: =OFFSET(M16,-$B$5,0) -> 0 | G16: =MAX(0,G15+(F16-H15)) -> 0 | H16: =MAX(0,IF(G16<$B$6,G16,IF(AND(G16>=$B$6+200,MOD(E16,4)=0),200+$B$6,$B$6))) -> 0 | I16: =MAX(0,($B$8-G16)+H16+I15) -> 14900 | J16: =OFFSET(R16,-$B$11,0) -> 0 | K16: =MAX(0,K15+(J16-M15)*$B$2) -> 700 | L16: =MAX(0,IF(OFFSET(I16,-$B$7,0)>=$B$14,$B$14,0)+L15-M15) -> 10000 | M16: =IF(AND(K16>=$B$14,L16>0),$B$14,0) -> 0 | N16: =MAX(0,($B$13-K16)+M16+N15) -> 12700 | O16: =OFFSET(W16,-$B$17,0) -> 2000 | P16: =MAX(0,P15+(O16-R15)*$B$2) -> 3300 | Q16: =IF(OFFSET(N16,-$B$12,0)>=$B$20,$B$20,0)+Q15-R15 -> 10500 | R16: =IF(AND(P16>=$B$20,Q16>0),$B$20,0) -> 1500 | S16: =MAX(0,($B$19-P16)+R16+S15) -> 16200 | T16: =$B$23+IF(U15>=$B$25,-$B$23,IF(V15>2*U15,$B$23*0.5,IF(U15>V15*2,-$B$23*0.5,0))) -> 1200 | U16: =MAX(0,U15+(T15-W15)*$B$2) -> 2000 | V16: =IF(OFFSET(S16,-$B$18,0)>=$B$24,$B$24,0)+V15-W15 -> 6000 | W16: =IF(AND(U16>=$B$24,V16>=$B$24),$B$24,0) -> 2000 | X16: 14
A17: Delivery time to Regional Warehouse | B17: 4 | C17: Week | E17: 15 | F17: =OFFSET(M17,-$B$5,0) -> 0 | G17: =MAX(0,G16+(F17-H16)) -> 0 | H17: =MAX(0,IF(G17<$B$6,G17,IF(AND(G17>=$B$6+200,MOD(E17,4)=0),200+$B$6,$B$6))) -> 0 | I17: =MAX(0,($B$8-G17)+H17+I16) -> 16200 | J17: =OFFSET(R17,-$B$11,0) -> 1500 | K17: =MAX(0,K16+(J17-M16)*$B$2) -> 2200 | L17: =MAX(0,IF(OFFSET(I17,-$B$7,0)>=$B$14,$B$14,0)+L16-M16) -> 11000 | M17: =IF(AND(K17>=$B$14,L17>0),$B$14,0) -> 1000 | N17: =MAX(0,($B$13-K17)+M17+N16) -> 13000 | O17: =OFFSET(W17,-$B$17,0) -> 0 | P17: =MAX(0,P16+(O17-R16)*$B$2) -> 1800 | Q17: =IF(OFFSET(N17,-$B$12,0)>=$B$20,$B$20,0)+Q16-R16 -> 10500 | R17: =IF(AND(P17>=$B$20,Q17>0),$B$20,0) -> 1500 | S17: =MAX(0,($B$19-P17)+R17+S16) -> 18000 | T17: =$B$23+IF(U16>=$B$25,-$B$23,IF(V16>2*U16,$B$23*0.5,IF(U16>V16*2,-$B$23*0.5,0))) -> 1200 | U17: =MAX(0,U16+(T16-W16)*$B$2) -> 1200 | V17: =IF(OFFSET(S17,-$B$18,0)>=$B$24,$B$24,0)+V16-W16 -> 6000 | W17: =IF(AND(U17>=$B$24,V17>=$B$24),$B$24,0) -> 0 | X17: 15
A18: Time to fill oder for to Regional Warehouse | B18: 3 | C18: Week | E18: 16 | F18: =OFFSET(M18,-$B$5,0) -> 0 | G18: =MAX(0,G17+(F18-H17)) -> 0 | H18: =MAX(0,IF(G18<$B$6,G18,IF(AND(G18>=$B$6+200,MOD(E18,4)=0),200+$B$6,$B$6))) -> 0 | I18: =MAX(0,($B$8-G18)+H18+I17) -> 17500 | J18: =OFFSET(R18,-$B$11,0) -> 1500 | K18: =MAX(0,K17+(J18-M17)*$B$2) -> 2700 | L18: =MAX(0,IF(OFFSET(I18,-$B$7,0)>=$B$14,$B$14,0)+L17-M17) -> 11000 | M18: =IF(AND(K18>=$B$14,L18>0),$B$14,0) -> 1000 | N18: =MAX(0,($B$13-K18)+M18+N17) -> 12800 | O18: =OFFSET(W18,-$B$17,0) -> 0 | P18: =MAX(0,P17+(O18-R17)*$B$2) -> 300 | Q18: =IF(OFFSET(N18,-$B$12,0)>=$B$20,$B$20,0)+Q17-R17 -> 10500 | R18: =IF(AND(P18>=$B$20,Q18>0),$B$20,0) -> 0 | S18: =MAX(0,($B$19-P18)+R18+S17) -> 19800 | T18: =$B$23+IF(U17>=$B$25,-$B$23,IF(V17>2*U17,$B$23*0.5,IF(U17>V17*2,-$B$23*0.5,0))) -> 1200 | U18: =MAX(0,U17+(T17-W17)*$B$2) -> 2400 | V18: =IF(OFFSET(S18,-$B$18,0)>=$B$24,$B$24,0)+V17-W17 -> 8000 | W18: =IF(AND(U18>=$B$24,V18>=$B$24),$B$24,0) -> 2000 | X18: 16
A19: Desired supply Regional Warehouse | B19: 2100 | C19: Unit | E19: 17 | F19: =OFFSET(M19,-$B$5,0) -> 1000 | G19: =MAX(0,G18+(F19-H18)) -> 1000 | H19: =MAX(0,IF(G19<$B$6,G19,IF(AND(G19>=$B$6+200,MOD(E19,4)=0),200+$B$6,$B$6))) -> 300 | I19: =MAX(0,($B$8-G19)+H19+I18) -> 18100 | J19: =OFFSET(R19,-$B$11,0) -> 1500 | K19: =MAX(0,K18+(J19-M18)*$B$2) -> 3200 | L19: =MAX(0,IF(OFFSET(I19,-$B$7,0)>=$B$14,$B$14,0)+L18-M18) -> 11000 | M19: =IF(AND(K19>=$B$14,L19>0),$B$14,0) -> 1000 | N19: =MAX(0,($B$13-K19)+M19+N18) -> 12100 | O19: =OFFSET(W19,-$B$17,0) -> 2000 | P19: =MAX(0,P18+(O19-R18)*$B$2) -> 2300 | Q19: =IF(OFFSET(N19,-$B$12,0)>=$B$20,$B$20,0)+Q18-R18 -> 12000 | R19: =IF(AND(P19>=$B$20,Q19>0),$B$20,0) -> 1500 | S19: =MAX(0,($B$19-P19)+R19+S18) -> 21100 | T19: =$B$23+IF(U18>=$B$25,-$B$23,IF(V18>2*U18,$B$23*0.5,IF(U18>V18*2,-$B$23*0.5,0))) -> 1200 | U19: =MAX(0,U18+(T18-W18)*$B$2) -> 1600 | V19: =IF(OFFSET(S19,-$B$18,0)>=$B$24,$B$24,0)+V18-W18 -> 8000 | W19: =IF(AND(U19>=$B$24,V19>=$B$24),$B$24,0) -> 0 | X19: 17
A20: Min order size of Regional Warehouse | B20: 1500 | C20: Unit | E20: 18 | F20: =OFFSET(M20,-$B$5,0) -> 1000 | G20: =MAX(0,G19+(F20-H19)) -> 1700 | H20: =MAX(0,IF(G20<$B$6,G20,IF(AND(G20>=$B$6+200,MOD(E20,4)=0),200+$B$6,$B$6))) -> 300 | I20: =MAX(0,($B$8-G20)+H20+I19) -> 18000 | J20: =OFFSET(R20,-$B$11,0) -> 1500 | K20: =MAX(0,K19+(J20-M19)*$B$2) -> 3700 | L20: =MAX(0,IF(OFFSET(I20,-$B$7,0)>=$B$14,$B$14,0)+L19-M19) -> 11000 | M20: =IF(AND(K20>=$B$14,L20>0),$B$14,0) -> 1000 | N20: =MAX(0,($B$13-K20)+M20+N19) -> 10900 | O20: =OFFSET(W20,-$B$17,0) -> 2000 | P20: =MAX(0,P19+(O20-R19)*$B$2) -> 2800 | Q20: =IF(OFFSET(N20,-$B$12,0)>=$B$20,$B$20,0)+Q19-R19 -> 12000 | R20: =IF(AND(P20>=$B$20,Q20>0),$B$20,0) -> 1500 | S20: =MAX(0,($B$19-P20)+R20+S19) -> 21900 | T20: =$B$23+IF(U19>=$B$25,-$B$23,IF(V19>2*U19,$B$23*0.5,IF(U19>V19*2,-$B$23*0.5,0))) -> 1200 | U20: =MAX(0,U19+(T19-W19)*$B$2) -> 2800 | V20: =IF(OFFSET(S20,-$B$18,0)>=$B$24,$B$24,0)+V19-W19 -> 10000 | W20: =IF(AND(U20>=$B$24,V20>=$B$24),$B$24,0) -> 2000 | X20: 18
E21: 19 | F21: =OFFSET(M21,-$B$5,0) -> 1000 | G21: =MAX(0,G20+(F21-H20)) -> 2400 | H21: =MAX(0,IF(G21<$B$6,G21,IF(AND(G21>=$B$6+200,MOD(E21,4)=0),200+$B$6,$B$6))) -> 300 | I21: =MAX(0,($B$8-G21)+H21+I20) -> 17200 | J21: =OFFSET(R21,-$B$11,0) -> 0 | K21: =MAX(0,K20+(J21-M20)*$B$2) -> 2700 | L21: =MAX(0,IF(OFFSET(I21,-$B$7,0)>=$B$14,$B$14,0)+L20-M20) -> 11000 | M21: =IF(AND(K21>=$B$14,L21>0),$B$14,0) -> 1000 | N21: =MAX(0,($B$13-K21)+M21+N20) -> 10700 | O21: =OFFSET(W21,-$B$17,0) -> 0 | P21: =MAX(0,P20+(O21-R20)*$B$2) -> 1300 | Q21: =IF(OFFSET(N21,-$B$12,0)>=$B$20,$B$20,0)+Q20-R20 -> 12000 | R21: =IF(AND(P21>=$B$20,Q21>0),$B$20,0) -> 0 | S21: =MAX(0,($B$19-P21)+R21+S20) -> 22700 | T21: =$B$23+IF(U20>=$B$25,-$B$23,IF(V20>2*U20,$B$23*0.5,IF(U20>V20*2,-$B$23*0.5,0))) -> 1200 | U21: =MAX(0,U20+(T20-W20)*$B$2) -> 2000 | V21: =IF(OFFSET(S21,-$B$18,0)>=$B$24,$B$24,0)+V20-W20 -> 10000 | W21: =IF(AND(U21>=$B$24,V21>=$B$24),$B$24,0) -> 2000 | X21: 19
A22: Initial supply Factory | B22: 2400 | C22: Unit | E22: 20 | F22: =OFFSET(M22,-$B$5,0) -> 1000 | G22: =MAX(0,G21+(F22-H21)) -> 3100 | H22: =MAX(0,IF(G22<$B$6,G22,IF(AND(G22>=$B$6+200,MOD(E22,4)=0),200+$B$6,$B$6))) -> 500 | I22: =MAX(0,($B$8-G22)+H22+I21) -> 15900 | J22: =OFFSET(R22,-$B$11,0) -> 1500 | K22: =MAX(0,K21+(J22-M21)*$B$2) -> 3200 | L22: =MAX(0,IF(OFFSET(I22,-$B$7,0)>=$B$14,$B$14,0)+L21-M21) -> 11000 | M22: =IF(AND(K22>=$B$14,L22>0),$B$14,0) -> 1000 | N22: =MAX(0,($B$13-K22)+M22+N21) -> 10000 | O22: =OFFSET(W22,-$B$17,0) -> 2000 | P22: =MAX(0,P21+(O22-R21)*$B$2) -> 3300 | Q22: =IF(OFFSET(N22,-$B$12,0)>=$B$20,$B$20,0)+Q21-R21 -> 13500 | R22: =IF(AND(P22>=$B$20,Q22>0),$B$20,0) -> 1500 | S22: =MAX(0,($B$19-P22)+R22+S21) -> 23000 | T22: =$B$23+IF(U21>=$B$25,-$B$23,IF(V21>2*U21,$B$23*0.5,IF(U21>V21*2,-$B$23*0.5,0))) -> 1200 | U22: =MAX(0,U21+(T21-W21)*$B$2) -> 1200 | V22: =IF(OFFSET(S22,-$B$18,0)>=$B$24,$B$24,0)+V21-W21 -> 10000 | W22: =IF(AND(U22>=$B$24,V22>=$B$24),$B$24,0) -> 0 | X22: 20
A23: Average production Factory | B23: 800 | C23: Unit/ Week | E23: 21 | F23: =OFFSET(M23,-$B$5,0) -> 1000 | G23: =MAX(0,G22+(F23-H22)) -> 3600 | H23: =MAX(0,IF(G23<$B$6,G23,IF(AND(G23>=$B$6+200,MOD(E23,4)=0),200+$B$6,$B$6))) -> 300 | I23: =MAX(0,($B$8-G23)+H23+I22) -> 13900 | J23: =OFFSET(R23,-$B$11,0) -> 1500 | K23: =MAX(0,K22+(J23-M22)*$B$2) -> 3700 | L23: =MAX(0,IF(OFFSET(I23,-$B$7,0)>=$B$14,$B$14,0)+L22-M22) -> 11000 | M23: =IF(AND(K23>=$B$14,L23>0),$B$14,0) -> 1000 | N23: =MAX(0,($B$13-K23)+M23+N22) -> 8800 | O23: =OFFSET(W23,-$B$17,0) -> 0 | P23: =MAX(0,P22+(O23-R22)*$B$2) -> 1800 | Q23: =IF(OFFSET(N23,-$B$12,0)>=$B$20,$B$20,0)+Q22-R22 -> 13500 | R23: =IF(AND(P23>=$B$20,Q23>0),$B$20,0) -> 1500 | S23: =MAX(0,($B$19-P23)+R23+S22) -> 24800 | T23: =$B$23+IF(U22>=$B$25,-$B$23,IF(V22>2*U22,$B$23*0.5,IF(U22>V22*2,-$B$23*0.5,0))) -> 1200 | U23: =MAX(0,U22+(T22-W22)*$B$2) -> 2400 | V23: =IF(OFFSET(S23,-$B$18,0)>=$B$24,$B$24,0)+V22-W22 -> 12000 | W23: =IF(AND(U23>=$B$24,V23>=$B$24),$B$24,0) -> 2000 | X23: 21
A24: Min order size of Factory | B24: 2000 | C24: Unit | E24: 22 | F24: =OFFSET(M24,-$B$5,0) -> 1000 | G24: =MAX(0,G23+(F24-H23)) -> 4300 | H24: =MAX(0,IF(G24<$B$6,G24,IF(AND(G24>=$B$6+200,MOD(E24,4)=0),200+$B$6,$B$6))) -> 300 | I24: =MAX(0,($B$8-G24)+H24+I23) -> 11200 | J24: =OFFSET(R24,-$B$11,0) -> 0 | K24: =MAX(0,K23+(J24-M23)*$B$2) -> 2700 | L24: =MAX(0,IF(OFFSET(I24,-$B$7,0)>=$B$14,$B$14,0)+L23-M23) -> 11000 | M24: =IF(AND(K24>=$B$14,L24>0),$B$14,0) -> 1000 | N24: =MAX(0,($B$13-K24)+M24+N23) -> 8600 | O24: =OFFSET(W24,-$B$17,0) -> 2000 | P24: =MAX(0,P23+(O24-R23)*$B$2) -> 2300 | Q24: =IF(OFFSET(N24,-$B$12,0)>=$B$20,$B$20,0)+Q23-R23 -> 13500 | R24: =IF(AND(P24>=$B$20,Q24>0),$B$20,0) -> 1500 | S24: =MAX(0,($B$19-P24)+R24+S23) -> 26100 | T24: =$B$23+IF(U23>=$B$25,-$B$23,IF(V23>2*U23,$B$23*0.5,IF(U23>V23*2,-$B$23*0.5,0))) -> 1200 | U24: =MAX(0,U23+(T23-W23)*$B$2) -> 1600 | V24: =IF(OFFSET(S24,-$B$18,0)>=$B$24,$B$24,0)+V23-W23 -> 12000 | W24: =IF(AND(U24>=$B$24,V24>=$B$24),$B$24,0) -> 0 | X24: 22
A25: Max supply Factory | B25: 10000 | C25: Unit | E25: 23 | F25: =OFFSET(M25,-$B$5,0) -> 1000 | G25: =MAX(0,G24+(F25-H24)) -> 5000 | H25: =MAX(0,IF(G25<$B$6,G25,IF(AND(G25>=$B$6+200,MOD(E25,4)=0),200+$B$6,$B$6))) -> 300 | I25: =MAX(0,($B$8-G25)+H25+I24) -> 7800 | J25: =OFFSET(R25,-$B$11,0) -> 1500 | K25: =MAX(0,K24+(J25-M24)*$B$2) -> 3200 | L25: =MAX(0,IF(OFFSET(I25,-$B$7,0)>=$B$14,$B$14,0)+L24-M24) -> 11000 | M25: =IF(AND(K25>=$B$14,L25>0),$B$14,0) -> 1000 | N25: =MAX(0,($B$13-K25)+M25+N24) -> 7900 | O25: =OFFSET(W25,-$B$17,0) -> 2000 | P25: =MAX(0,P24+(O25-R24)*$B$2) -> 2800 | Q25: =IF(OFFSET(N25,-$B$12,0)>=$B$20,$B$20,0)+Q24-R24 -> 13500 | R25: =IF(AND(P25>=$B$20,Q25>0),$B$20,0) -> 1500 | S25: =MAX(0,($B$19-P25)+R25+S24) -> 26900 | T25: =$B$23+IF(U24>=$B$25,-$B$23,IF(V24>2*U24,$B$23*0.5,IF(U24>V24*2,-$B$23*0.5,0))) -> 1200 | U25: =MAX(0,U24+(T24-W24)*$B$2) -> 2800 | V25: =IF(OFFSET(S25,-$B$18,0)>=$B$24,$B$24,0)+V24-W24 -> 14000 | W25: =IF(AND(U25>=$B$24,V25>=$B$24),$B$24,0) -> 2000 | X25: 23
E26: 24 | F26: =OFFSET(M26,-$B$5,0) -> 1000 | G26: =MAX(0,G25+(F26-H25)) -> 5700 | H26: =MAX(0,IF(G26<$B$6,G26,IF(AND(G26>=$B$6+200,MOD(E26,4)=0),200+$B$6,$B$6))) -> 500 | I26: =MAX(0,($B$8-G26)+H26+I25) -> 3900 | J26: =OFFSET(R26,-$B$11,0) -> 1500 | K26: =MAX(0,K25+(J26-M25)*$B$2) -> 3700 | L26: =MAX(0,IF(OFFSET(I26,-$B$7,0)>=$B$14,$B$14,0)+L25-M25) -> 11000 | M26: =IF(AND(K26>=$B$14,L26>0),$B$14,0) -> 1000 | N26: =MAX(0,($B$13-K26)+M26+N25) -> 6700 | O26: =OFFSET(W26,-$B$17,0) -> 0 | P26: =MAX(0,P25+(O26-R25)*$B$2) -> 1300 | Q26: =IF(OFFSET(N26,-$B$12,0)>=$B$20,$B$20,0)+Q25-R25 -> 13500 | R26: =IF(AND(P26>=$B$20,Q26>0),$B$20,0) -> 0 | S26: =MAX(0,($B$19-P26)+R26+S25) -> 27700 | T26: =$B$23+IF(U25>=$B$25,-$B$23,IF(V25>2*U25,$B$23*0.5,IF(U25>V25*2,-$B$23*0.5,0))) -> 1200 | U26: =MAX(0,U25+(T25-W25)*$B$2) -> 2000 | V26: =IF(OFFSET(S26,-$B$18,0)>=$B$24,$B$24,0)+V25-W25 -> 14000 | W26: =IF(AND(U26>=$B$24,V26>=$B$24),$B$24,0) -> 2000 | X26: 24
E27: 25 | F27: =OFFSET(M27,-$B$5,0) -> 1000 | G27: =MAX(0,G26+(F27-H26)) -> 6200 | H27: =MAX(0,IF(G27<$B$6,G27,IF(AND(G27>=$B$6+200,MOD(E27,4)=0),200+$B$6,$B$6))) -> 300 | I27: =MAX(0,($B$8-G27)+H27+I26) -> 0 | J27: =OFFSET(R27,-$B$11,0) -> 1500 | K27: =MAX(0,K26+(J27-M26)*$B$2) -> 4200 | L27: =MAX(0,IF(OFFSET(I27,-$B$7,0)>=$B$14,$B$14,0)+L26-M26) -> 11000 | M27: =IF(AND(K27>=$B$14,L27>0),$B$14,0) -> 1000 | N27: =MAX(0,($B$13-K27)+M27+N26) -> 5000 | O27: =OFFSET(W27,-$B$17,0) -> 2000 | P27: =MAX(0,P26+(O27-R26)*$B$2) -> 3300 | Q27: =IF(OFFSET(N27,-$B$12,0)>=$B$20,$B$20,0)+Q26-R26 -> 15000 | R27: =IF(AND(P27>=$B$20,Q27>0),$B$20,0) -> 1500 | S27: =MAX(0,($B$19-P27)+R27+S26) -> 28000 | T27: =$B$23+IF(U26>=$B$25,-$B$23,IF(V26>2*U26,$B$23*0.5,IF(U26>V26*2,-$B$23*0.5,0))) -> 1200 | U27: =MAX(0,U26+(T26-W26)*$B$2) -> 1200 | V27: =IF(OFFSET(S27,-$B$18,0)>=$B$24,$B$24,0)+V26-W26 -> 14000 | W27: =IF(AND(U27>=$B$24,V27>=$B$24),$B$24,0) -> 0 | X27: 25
E28: 26 | F28: =OFFSET(M28,-$B$5,0) -> 1000 | G28: =MAX(0,G27+(F28-H27)) -> 6900 | H28: =MAX(0,IF(G28<$B$6,G28,IF(AND(G28>=$B$6+200,MOD(E28,4)=0),200+$B$6,$B$6))) -> 300 | I28: =MAX(0,($B$8-G28)+H28+I27) -> 0 | J28: =OFFSET(R28,-$B$11,0) -> 1500 | K28: =MAX(0,K27+(J28-M27)*$B$2) -> 4700 | L28: =MAX(0,IF(OFFSET(I28,-$B$7,0)>=$B$14,$B$14,0)+L27-M27) -> 10000 | M28: =IF(AND(K28>=$B$14,L28>0),$B$14,0) -> 1000 | N28: =MAX(0,($B$13-K28)+M28+N27) -> 2800 | O28: =OFFSET(W28,-$B$17,0) -> 0 | P28: =MAX(0,P27+(O28-R27)*$B$2) -> 1800 | Q28: =IF(OFFSET(N28,-$B$12,0)>=$B$20,$B$20,0)+Q27-R27 -> 15000 | R28: =IF(AND(P28>=$B$20,Q28>0),$B$20,0) -> 1500 | S28: =MAX(0,($B$19-P28)+R28+S27) -> 29800 | T28: =$B$23+IF(U27>=$B$25,-$B$23,IF(V27>2*U27,$B$23*0.5,IF(U27>V27*2,-$B$23*0.5,0))) -> 1200 | U28: =MAX(0,U27+(T27-W27)*$B$2) -> 2400 | V28: =IF(OFFSET(S28,-$B$18,0)>=$B$24,$B$24,0)+V27-W27 -> 16000 | W28: =IF(AND(U28>=$B$24,V28>=$B$24),$B$24,0) -> 2000 | X28: 26
E29: 27 | F29: =OFFSET(M29,-$B$5,0) -> 1000 | G29: =MAX(0,G28+(F29-H28)) -> 7600 | H29: =MAX(0,IF(G29<$B$6,G29,IF(AND(G29>=$B$6+200,MOD(E29,4)=0),200+$B$6,$B$6))) -> 300 | I29: =MAX(0,($B$8-G29)+H29+I28) -> 0 | J29: =OFFSET(R29,-$B$11,0) -> 0 | K29: =MAX(0,K28+(J29-M28)*$B$2) -> 3700 | L29: =MAX(0,IF(OFFSET(I29,-$B$7,0)>=$B$14,$B$14,0)+L28-M28) -> 9000 | M29: =IF(AND(K29>=$B$14,L29>0),$B$14,0) -> 1000 | N29: =MAX(0,($B$13-K29)+M29+N28) -> 1600 | O29: =OFFSET(W29,-$B$17,0) -> 2000 | P29: =MAX(0,P28+(O29-R28)*$B$2) -> 2300 | Q29: =IF(OFFSET(N29,-$B$12,0)>=$B$20,$B$20,0)+Q28-R28 -> 15000 | R29: =IF(AND(P29>=$B$20,Q29>0),$B$20,0) -> 1500 | S29: =MAX(0,($B$19-P29)+R29+S28) -> 31100 | T29: =$B$23+IF(U28>=$B$25,-$B$23,IF(V28>2*U28,$B$23*0.5,IF(U28>V28*2,-$B$23*0.5,0))) -> 1200 | U29: =MAX(0,U28+(T28-W28)*$B$2) -> 1600 | V29: =IF(OFFSET(S29,-$B$18,0)>=$B$24,$B$24,0)+V28-W28 -> 16000 | W29: =IF(AND(U29>=$B$24,V29>=$B$24),$B$24,0) -> 0 | X29: 27
E30: 28 | F30: =OFFSET(M30,-$B$5,0) -> 1000 | G30: =MAX(0,G29+(F30-H29)) -> 8300 | H30: =MAX(0,IF(G30<$B$6,G30,IF(AND(G30>=$B$6+200,MOD(E30,4)=0),200+$B$6,$B$6))) -> 500 | I30: =MAX(0,($B$8-G30)+H30+I29) -> 0 | J30: =OFFSET(R30,-$B$11,0) -> 1500 | K30: =MAX(0,K29+(J30-M29)*$B$2) -> 4200 | L30: =MAX(0,IF(OFFSET(I30,-$B$7,0)>=$B$14,$B$14,0)+L29-M29) -> 8000 | M30: =IF(AND(K30>=$B$14,L30>0),$B$14,0) -> 1000 | N30: =MAX(0,($B$13-K30)+M30+N29) -> 0 | O30: =OFFSET(W30,-$B$17,0) -> 2000 | P30: =MAX(0,P29+(O30-R29)*$B$2) -> 2800 | Q30: =IF(OFFSET(N30,-$B$12,0)>=$B$20,$B$20,0)+Q29-R29 -> 15000 | R30: =IF(AND(P30>=$B$20,Q30>0),$B$20,0) -> 1500 | S30: =MAX(0,($B$19-P30)+R30+S29) -> 31900 | T30: =$B$23+IF(U29>=$B$25,-$B$23,IF(V29>2*U29,$B$23*0.5,IF(U29>V29*2,-$B$23*0.5,0))) -> 1200 | U30: =MAX(0,U29+(T29-W29)*$B$2) -> 2800 | V30: =IF(OFFSET(S30,-$B$18,0)>=$B$24,$B$24,0)+V29-W29 -> 18000 | W30: =IF(AND(U30>=$B$24,V30>=$B$24),$B$24,0) -> 2000 | X30: 28
E31: 29 | F31: =OFFSET(M31,-$B$5,0) -> 1000 | G31: =MAX(0,G30+(F31-H30)) -> 8800 | H31: =MAX(0,IF(G31<$B$6,G31,IF(AND(G31>=$B$6+200,MOD(E31,4)=0),200+$B$6,$B$6))) -> 300 | I31: =MAX(0,($B$8-G31)+H31+I30) -> 0 | J31: =OFFSET(R31,-$B$11,0) -> 1500 | K31: =MAX(0,K30+(J31-M30)*$B$2) -> 4700 | L31: =MAX(0,IF(OFFSET(I31,-$B$7,0)>=$B$14,$B$14,0)+L30-M30) -> 7000 | M31: =IF(AND(K31>=$B$14,L31>0),$B$14,0) -> 1000 | N31: =MAX(0,($B$13-K31)+M31+N30) -> 0 | O31: =OFFSET(W31,-$B$17,0) -> 0 | P31: =MAX(0,P30+(O31-R30)*$B$2) -> 1300 | Q31: =IF(OFFSET(N31,-$B$12,0)>=$B$20,$B$20,0)+Q30-R30 -> 15000 | R31: =IF(AND(P31>=$B$20,Q31>0),$B$20,0) -> 0 | S31: =MAX(0,($B$19-P31)+R31+S30) -> 32700 | T31: =$B$23+IF(U30>=$B$25,-$B$23,IF(V30>2*U30,$B$23*0.5,IF(U30>V30*2,-$B$23*0.5,0))) -> 1200 | U31: =MAX(0,U30+(T30-W30)*$B$2) -> 2000 | V31: =IF(OFFSET(S31,-$B$18,0)>=$B$24,$B$24,0)+V30-W30 -> 18000 | W31: =IF(AND(U31>=$B$24,V31>=$B$24),$B$24,0) -> 2000 | X31: 29
E32: 30 | F32: =OFFSET(M32,-$B$5,0) -> 1000 | G32: =MAX(0,G31+(F32-H31)) -> 9500 | H32: =MAX(0,IF(G32<$B$6,G32,IF(AND(G32>=$B$6+200,MOD(E32,4)=0),200+$B$6,$B$6))) -> 300 | I32: =MAX(0,($B$8-G32)+H32+I31) -> 0 | J32: =OFFSET(R32,-$B$11,0) -> 1500 | K32: =MAX(0,K31+(J32-M31)*$B$2) -> 5200 | L32: =MAX(0,IF(OFFSET(I32,-$B$7,0)>=$B$14,$B$14,0)+L31-M31) -> 6000 | M32: =IF(AND(K32>=$B$14,L32>0),$B$14,0) -> 1000 | N32: =MAX(0,($B$13-K32)+M32+N31) -> 0 | O32: =OFFSET(W32,-$B$17,0) -> 2000 | P32: =MAX(0,P31+(O32-R31)*$B$2) -> 3300 | Q32: =IF(OFFSET(N32,-$B$12,0)>=$B$20,$B$20,0)+Q31-R31 -> 15000 | R32: =IF(AND(P32>=$B$20,Q32>0),$B$20,0) -> 1500 | S32: =MAX(0,($B$19-P32)+R32+S31) -> 33000 | T32: =$B$23+IF(U31>=$B$25,-$B$23,IF(V31>2*U31,$B$23*0.5,IF(U31>V31*2,-$B$23*0.5,0))) -> 1200 | U32: =MAX(0,U31+(T31-W31)*$B$2) -> 1200 | V32: =IF(OFFSET(S32,-$B$18,0)>=$B$24,$B$24,0)+V31-W31 -> 18000 | W32: =IF(AND(U32>=$B$24,V32>=$B$24),$B$24,0) -> 0 | X32: 30
E33: 31 | F33: =OFFSET(M33,-$B$5,0) -> 1000 | G33: =MAX(0,G32+(F33-H32)) -> 10200 | H33: =MAX(0,IF(G33<$B$6,G33,IF(AND(G33>=$B$6+200,MOD(E33,4)=0),200+$B$6,$B$6))) -> 300 | I33: =MAX(0,($B$8-G33)+H33+I32) -> 0 | J33: =OFFSET(R33,-$B$11,0) -> 1500 | K33: =MAX(0,K32+(J33-M32)*$B$2) -> 5700 | L33: =MAX(0,IF(OFFSET(I33,-$B$7,0)>=$B$14,$B$14,0)+L32-M32) -> 5000 | M33: =IF(AND(K33>=$B$14,L33>0),$B$14,0) -> 1000 | N33: =MAX(0,($B$13-K33)+M33+N32) -> 0 | O33: =OFFSET(W33,-$B$17,0) -> 0 | P33: =MAX(0,P32+(O33-R32)*$B$2) -> 1800 | Q33: =IF(OFFSET(N33,-$B$12,0)>=$B$20,$B$20,0)+Q32-R32 -> 13500 | R33: =IF(AND(P33>=$B$20,Q33>0),$B$20,0) -> 1500 | S33: =MAX(0,($B$19-P33)+R33+S32) -> 34800 | T33: =$B$23+IF(U32>=$B$25,-$B$23,IF(V32>2*U32,$B$23*0.5,IF(U32>V32*2,-$B$23*0.5,0))) -> 1200 | U33: =MAX(0,U32+(T32-W32)*$B$2) -> 2400 | V33: =IF(OFFSET(S33,-$B$18,0)>=$B$24,$B$24,0)+V32-W32 -> 20000 | W33: =IF(AND(U33>=$B$24,V33>=$B$24),$B$24,0) -> 2000 | X33: 31
E34: 32 | F34: =OFFSET(M34,-$B$5,0) -> 1000 | G34: =MAX(0,G33+(F34-H33)) -> 10900 | H34: =MAX(0,IF(G34<$B$6,G34,IF(AND(G34>=$B$6+200,MOD(E34,4)=0),200+$B$6,$B$6))) -> 500 | I34: =MAX(0,($B$8-G34)+H34+I33) -> 0 | J34: =OFFSET(R34,-$B$11,0) -> 0 | K34: =MAX(0,K33+(J34-M33)*$B$2) -> 4700 | L34: =MAX(0,IF(OFFSET(I34,-$B$7,0)>=$B$14,$B$14,0)+L33-M33) -> 4000 | M34: =IF(AND(K34>=$B$14,L34>0),$B$14,0) -> 1000 | N34: =MAX(0,($B$13-K34)+M34+N33) -> 0 | O34: =OFFSET(W34,-$B$17,0) -> 2000 | P34: =MAX(0,P33+(O34-R33)*$B$2) -> 2300 | Q34: =IF(OFFSET(N34,-$B$12,0)>=$B$20,$B$20,0)+Q33-R33 -> 12000 | R34: =IF(AND(P34>=$B$20,Q34>0),$B$20,0) -> 1500 | S34: =MAX(0,($B$19-P34)+R34+S33) -> 36100 | T34: =$B$23+IF(U33>=$B$25,-$B$23,IF(V33>2*U33,$B$23*0.5,IF(U33>V33*2,-$B$23*0.5,0))) -> 1200 | U34: =MAX(0,U33+(T33-W33)*$B$2) -> 1600 | V34: =IF(OFFSET(S34,-$B$18,0)>=$B$24,$B$24,0)+V33-W33 -> 20000 | W34: =IF(AND(U34>=$B$24,V34>=$B$24),$B$24,0) -> 0 | X34: 32
E35: 33 | F35: =OFFSET(M35,-$B$5,0) -> 1000 | G35: =MAX(0,G34+(F35-H34)) -> 11400 | H35: =MAX(0,IF(G35<$B$6,G35,IF(AND(G35>=$B$6+200,MOD(E35,4)=0),200+$B$6,$B$6))) -> 300 | I35: =MAX(0,($B$8-G35)+H35+I34) -> 0 | J35: =OFFSET(R35,-$B$11,0) -> 1500 | K35: =MAX(0,K34+(J35-M34)*$B$2) -> 5200 | L35: =MAX(0,IF(OFFSET(I35,-$B$7,0)>=$B$14,$B$14,0)+L34-M34) -> 3000 | M35: =IF(AND(K35>=$B$14,L35>0),$B$14,0) -> 1000 | N35: =MAX(0,($B$13-K35)+M35+N34) -> 0 | O35: =OFFSET(W35,-$B$17,0) -> 2000 | P35: =MAX(0,P34+(O35-R34)*$B$2) -> 2800 | Q35: =IF(OFFSET(N35,-$B$12,0)>=$B$20,$B$20,0)+Q34-R34 -> 10500 | R35: =IF(AND(P35>=$B$20,Q35>0),$B$20,0) -> 1500 | S35: =MAX(0,($B$19-P35)+R35+S34) -> 36900 | T35: =$B$23+IF(U34>=$B$25,-$B$23,IF(V34>2*U34,$B$23*0.5,IF(U34>V34*2,-$B$23*0.5,0))) -> 1200 | U35: =MAX(0,U34+(T34-W34)*$B$2) -> 2800 | V35: =IF(OFFSET(S35,-$B$18,0)>=$B$24,$B$24,0)+V34-W34 -> 22000 | W35: =IF(AND(U35>=$B$24,V35>=$B$24),$B$24,0) -> 2000 | X35: 33
E36: 34 | F36: =OFFSET(M36,-$B$5,0) -> 1000 | G36: =MAX(0,G35+(F36-H35)) -> 12100 | H36: =MAX(0,IF(G36<$B$6,G36,IF(AND(G36>=$B$6+200,MOD(E36,4)=0),200+$B$6,$B$6))) -> 300 | I36: =MAX(0,($B$8-G36)+H36+I35) -> 0 | J36: =OFFSET(R36,-$B$11,0) -> 1500 | K36: =MAX(0,K35+(J36-M35)*$B$2) -> 5700 | L36: =MAX(0,IF(OFFSET(I36,-$B$7,0)>=$B$14,$B$14,0)+L35-M35) -> 2000 | M36: =IF(AND(K36>=$B$14,L36>0),$B$14,0) -> 1000 | N36: =MAX(0,($B$13-K36)+M36+N35) -> 0 | O36: =OFFSET(W36,-$B$17,0) -> 0 | P36: =MAX(0,P35+(O36-R35)*$B$2) -> 1300 | Q36: =IF(OFFSET(N36,-$B$12,0)>=$B$20,$B$20,0)+Q35-R35 -> 9000 | R36: =IF(AND(P36>=$B$20,Q36>0),$B$20,0) -> 0 | S36: =MAX(0,($B$19-P36)+R36+S35) -> 37700 | T36: =$B$23+IF(U35>=$B$25,-$B$23,IF(V35>2*U35,$B$23*0.5,IF(U35>V35*2,-$B$23*0.5,0))) -> 1200 | U36: =MAX(0,U35+(T35-W35)*$B$2) -> 2000 | V36: =IF(OFFSET(S36,-$B$18,0)>=$B$24,$B$24,0)+V35-W35 -> 22000 | W36: =IF(AND(U36>=$B$24,V36>=$B$24),$B$24,0) -> 2000 | X36: 34
E37: 35 | F37: =OFFSET(M37,-$B$5,0) -> 1000 | G37: =MAX(0,G36+(F37-H36)) -> 12800 | H37: =MAX(0,IF(G37<$B$6,G37,IF(AND(G37>=$B$6+200,MOD(E37,4)=0),200+$B$6,$B$6))) -> 300 | I37: =MAX(0,($B$8-G37)+H37+I36) -> 0 | J37: =OFFSET(R37,-$B$11,0) -> 1500 | K37: =MAX(0,K36+(J37-M36)*$B$2) -> 6200 | L37: =MAX(0,IF(OFFSET(I37,-$B$7,0)>=$B$14,$B$14,0)+L36-M36) -> 1000 | M37: =IF(AND(K37>=$B$14,L37>0),$B$14,0) -> 1000 | N37: =MAX(0,($B$13-K37)+M37+N36) -> 0 | O37: =OFFSET(W37,-$B$17,0) -> 2000 | P37: =MAX(0,P36+(O37-R36)*$B$2) -> 3300 | Q37: =IF(OFFSET(N37,-$B$12,0)>=$B$20,$B$20,0)+Q36-R36 -> 9000 | R37: =IF(AND(P37>=$B$20,Q37>0),$B$20,0) -> 1500 | S37: =MAX(0,($B$19-P37)+R37+S36) -> 38000 | T37: =$B$23+IF(U36>=$B$25,-$B$23,IF(V36>2*U36,$B$23*0.5,IF(U36>V36*2,-$B$23*0.5,0))) -> 1200 | U37: =MAX(0,U36+(T36-W36)*$B$2) -> 1200 | V37: =IF(OFFSET(S37,-$B$18,0)>=$B$24,$B$24,0)+V36-W36 -> 22000 | W37: =IF(AND(U37>=$B$24,V37>=$B$24),$B$24,0) -> 0 | X37: 35
... E402: 400 | F402: =OFFSET(M402,-$B$5,0) -> 1000 | G402: =MAX(0,G401+(F402-H401)) -> 1000 | H402: =MAX(0,IF(G402<$B$6,G402,IF(AND(G402>=$B$6+200,MOD(E402,4)=0),200+$B$6,$B$6))) -> 500 | I402: =MAX(0,($B$8-G402)+H402+I401) -> 5300 | J402: =OFFSET(R402,-$B$11,0) -> 0 | K402: =MAX(0,K401+(J402-M401)*$B$2) -> 6700 | L402: =MAX(0,IF(OFFSET(I402,-$B$7,0)>=$B$14,$B$14,0)+L401-M401) -> 1000 | M402: =IF(AND(K402>=$B$14,L402>0),$B$14,0) -> 1000 | N402: =MAX(0,($B$13-K402)+M402+N401) -> 0 | O402: =OFFSET(W402,-$B$17,0) -> 0 | P402: =MAX(0,P401+(O402-R401)*$B$2) -> 36300 | Q402: =IF(OFFSET(N402,-$B$12,0)>=$B$20,$B$20,0)+Q401-R401 -> 0 | R402: =IF(AND(P402>=$B$20,Q402>0),$B$20,0) -> 0 | S402: =MAX(0,($B$19-P402)+R402+S401) -> 0 | T402: =$B$23+IF(U401>=$B$25,-$B$23,IF(V401>2*U401,$B$23*0.5,IF(U401>V401*2,-$B$23*0.5,0))) -> 400 | U402: =MAX(0,U401+(T401-W401)*$B$2) -> 5200 | V402: =IF(OFFSET(S402,-$B$18,0)>=$B$24,$B$24,0)+V401-W401 -> 0 | W402: =IF(AND(U402>=$B$24,V402>=$B$24),$B$24,0) -> 0 | X402: 400
F404: =SUM(F2:F402) -> 133000 | J404: =SUM(J2:J402) -> 139500 | M404: =SUM(M2:M402) -> 135000 | O404: =SUM(O2:O402) -> 174000 | R404: =SUM(R2:R402) -> 139500 | W404: =SUM(W2:W402) -> 174000

Sheet Contrast_1
A1: W/o limits | B1: Incoming goods Retail, Unit/ Week SSD / Excel | D1: Warehouse Retail, Unit SSD / Excel | F1: Outgoing goods Retail, Unit/ Week SSD / Excel | H1: Orders Retail, Unit/ Week SSD / Excel | J1: Incoming goods Wholesale, Unit/ Week SSD / Excel | L1: Warehouse Wholesale, Unit SSD / Excel | N1: Placed orders Retail, Unit SSD / Excel | P1: Outgoing goods Wholesale, Unit/ Week SSD / Excel | R1: Orders Wholesale, Unit/ Week SSD / Excel | T1: Incoming goods RWH, Unit/ Week SSD / Excel | V1: Warehouse RWH, Unit SSD / Excel | X1: Outgoing orders Wholesale, Unit/ Week SSD / Excel | Z1: Outgoing goods RWH, Unit/ Week SSD / Excel | AB1: Orders RWH, Unit/ Week SSD / Excel | AD1: Production Factory, Unit/ Week SSD / Excel | AF1: Warehouse Factory, Unit SSD / Excel | AH1: Outgoing orders RWH, Unit/ Week SSD / Excel | AJ1: Outgoing goods Factory, Unit/ Week SSD / Excel
A2: 0 | B2: ='Model SSD_1'!F2 -> 0 | C2: ='Model Excel_1'!F2 -> 0 | D2: ='Model SSD_1'!G2 -> 900 | E2: ='Model Excel_1'!G2 -> 900 | F2: ='Model SSD_1'!H2 -> 0 | G2: ='Model Excel_1'!H2 -> 0 | H2: ='Model SSD_1'!I2 -> 0 | I2: ='Model Excel_1'!I2 -> 0 | J2: ='Model SSD_1'!L2 -> 0 | K2: ='Model Excel_1'!J2 -> 0 | L2: ='Model SSD_1'!M2 -> 1200 | M2: ='Model Excel_1'!K2 -> 1200 | N2: ='Model SSD_1'!K2 -> 0 | O2: ='Model Excel_1'!L2 -> 0 | P2: ='Model SSD_1'!N2 -> 0 | Q2: ='Model Excel_1'!M2 -> 0 | R2: ='Model SSD_1'!O2 -> 0 | S2: ='Model Excel_1'!N2 -> 0 | T2: ='Model SSD_1'!R2 -> 0 | U2: ='Model Excel_1'!O2 -> 0 | V2: ='Model SSD_1'!S2 -> 1800 | W2: ='Model Excel_1'!P2 -> 1800 | X2: ='Model SSD_1'!Q2 -> 0 | Y2: ='Model Excel_1'!Q2 -> 0 | Z2: ='Model SSD_1'!T2 -> 0 | AA2: ='Model Excel_1'!R2 -> 0 | AB2: ='Model SSD_1'!U2 -> 0 | AC2: ='Model Excel_1'!S2 -> 0 | AD2: ='Model SSD_1'!Y2 -> 2400 | AE2: ='Model Excel_1'!U2 -> 2400 | AF2: ='Model SSD_1'!X2 -> 0 | AG2: ='Model Excel_1'!T2 -> 0 | AH2: ='Model SSD_1'!W2 -> 0 | AI2: ='Model Excel_1'!V2 -> 0 | AJ2: ='Model SSD_1'!Z2 -> 0 | AK2: ='Model Excel_1'!W2 -> 0 | AL2: 0
A3: 1 | B3: ='Model SSD_1'!F3 -> 0 | C3: ='Model Excel_1'!F3 -> 0 | D3: ='Model SSD_1'!G3 -> 900 | E3: ='Model Excel_1'!G3 -> 900 | F3: ='Model SSD_1'!H3 -> 300 | G3: ='Model Excel_1'!H3 -> 300 | H3: ='Model SSD_1'!I3 -> 700 | I3: ='Model Excel_1'!I3 -> 700 | J3: ='Model SSD_1'!L3 -> 0 | K3: ='Model Excel_1'!J3 -> 0 | L3: ='Model SSD_1'!M3 -> 1200 | M3: ='Model Excel_1'!K3 -> 1200 | N3: ='Model SSD_1'!K3 -> 0 | O3: ='Model Excel_1'!L3 -> 0 | P3: ='Model SSD_1'!N3 -> 0 | Q3: ='Model Excel_1'!M3 -> 0 | R3: ='Model SSD_1'!O3 -> 300 | S3: ='Model Excel_1'!N3 -> 300 | T3: ='Model SSD_1'!R3 -> 0 | U3: ='Model Excel_1'!O3 -> 0 | V3: ='Model SSD_1'!S3 -> 1800 | W3: ='Model Excel_1'!P3 -> 1800 | X3: ='Model SSD_1'!Q3 -> 0 | Y3: ='Model Excel_1'!Q3 -> 0 | Z3: ='Model SSD_1'!T3 -> 0 | AA3: ='Model Excel_1'!R3 -> 0 | AB3: ='Model SSD_1'!U3 -> 300 | AC3: ='Model Excel_1'!S3 -> 300 | AD3: ='Model SSD_1'!Y3 -> 2400 | AE3: ='Model Excel_1'!U3 -> 2400 | AF3: ='Model SSD_1'!X3 -> 400 | AG3: ='Model Excel_1'!T3 -> 400 | AH3: ='Model SSD_1'!W3 -> 0 | AI3: ='Model Excel_1'!V3 -> 0 | AJ3: ='Model SSD_1'!Z3 -> 0 | AK3: ='Model Excel_1'!W3 -> 0 | AL3: 1
A4: 2 | B4: ='Model SSD_1'!F4 -> 0 | C4: ='Model Excel_1'!F4 -> 0 | D4: ='Model SSD_1'!G4 -> 600 | E4: ='Model Excel_1'!G4 -> 600 | F4: ='Model SSD_1'!H4 -> 300 | G4: ='Model Excel_1'!H4 -> 300 | H4: ='Model SSD_1'!I4 -> 1000 | I4: ='Model Excel_1'!I4 -> 1700 | J4: ='Model SSD_1'!L4 -> 0 | K4: ='Model Excel_1'!J4 -> 0 | L4: ='Model SSD_1'!M4 -> 1200 | M4: ='Model Excel_1'!K4 -> 1200 | N4: ='Model SSD_1'!K4 -> 700 | O4: ='Model Excel_1'!L4 -> 700 | P4: ='Model SSD_1'!N4 -> 0 | Q4: ='Model Excel_1'!M4 -> 700 | R4: ='Model SSD_1'!O4 -> 300 | S4: ='Model Excel_1'!N4 -> 1300 | T4: ='Model SSD_1'!R4 -> 0 | U4: ='Model Excel_1'!O4 -> 0 | V4: ='Model SSD_1'!S4 -> 1800 | W4: ='Model Excel_1'!P4 -> 1800 | X4: ='Model SSD_1'!Q4 -> 300 | Y4: ='Model Excel_1'!Q4 -> 0 | Z4: ='Model SSD_1'!T4 -> 0 | AA4: ='Model Excel_1'!R4 -> 0 | AB4: ='Model SSD_1'!U4 -> 300 | AC4: ='Model Excel_1'!S4 -> 600 | AD4: ='Model SSD_1'!Y4 -> 2800 | AE4: ='Model Excel_1'!U4 -> 2800 | AF4: ='Model SSD_1'!X4 -> 400 | AG4: ='Model Excel_1'!T4 -> 400 | AH4: ='Model SSD_1'!W4 -> 300 | AI4: ='Model Excel_1'!V4 -> 0 | AJ4: ='Model SSD_1'!Z4 -> 0 | AK4: ='Model Excel_1'!W4 -> 0 | AL4: 2
A5: 3 | B5: ='Model SSD_1'!F5 -> 0 | C5: ='Model Excel_1'!F5 -> 0 | D5: ='Model SSD_1'!G5 -> 300 | E5: ='Model Excel_1'!G5 -> 300 | F5: ='Model SSD_1'!H5 -> 300 | G5: ='Model Excel_1'!H5 -> 300 | H5: ='Model SSD_1'!I5 -> 1300 | I5: ='Model Excel_1'!I5 -> 3000 | J5: ='Model SSD_1'!L5 -> 0 | K5: ='Model Excel_1'!J5 -> 0 | L5: ='Model SSD_1'!M5 -> 1200 | M5: ='Model Excel_1'!K5 -> 500 | N5: ='Model SSD_1'!K5 -> 1000 | O5: ='Model Excel_1'!L5 -> 1700 | P5: ='Model SSD_1'!N5 -> 700 | Q5: ='Model Excel_1'!M5 -> 500 | R5: ='Model SSD_1'!O5 -> 1000 | S5: ='Model Excel_1'!N5 -> 2800 | T5: ='Model SSD_1'!R5 -> 0 | U5: ='Model Excel_1'!O5 -> 0 | V5: ='Model SSD_1'!S5 -> 1800 | W5: ='Model Excel_1'!P5 -> 1800 | X5: ='Model SSD_1'!Q5 -> 300 | Y5: ='Model Excel_1'!Q5 -> 300 | Z5: ='Model SSD_1'!T5 -> 0 | AA5: ='Model Excel_1'!R5 -> 300 | AB5: ='Model SSD_1'!U5 -> 300 | AC5: ='Model Excel_1'!S5 -> 1200 | AD5: ='Model SSD_1'!Y5 -> 3200 | AE5: ='Model Excel_1'!U5 -> 3200 | AF5: ='Model SSD_1'!X5 -> 400 | AG5: ='Model Excel_1'!T5 -> 400 | AH5: ='Model SSD_1'!W5 -> 300 | AI5: ='Model Excel_1'!V5 -> 0 | AJ5: ='Model SSD_1'!Z5 -> 0 | AK5: ='Model Excel_1'!W5 -> 0 | AL5: 3
A6: 4 | B6: ='Model SSD_1'!F6 -> 0 | C6: ='Model Excel_1'!F6 -> 700 | D6: ='Model SSD_1'!G6 -> 0 | E6: ='Model Excel_1'!G6 -> 700 | F6: ='Model SSD_1'!H6 -> 0 | G6: ='Model Excel_1'!H6 -> 500 | H6: ='Model SSD_1'!I6 -> 1300 | I6: ='Model Excel_1'!I6 -> 4100 | J6: ='Model SSD_1'!L6 -> 0 | K6: ='Model Excel_1'!J6 -> 0 | L6: ='Model SSD_1'!M6 -> 500 | M6: ='Model Excel_1'!K6 -> 0 | N6: ='Model SSD_1'!K6 -> 1300 | O6: ='Model Excel_1'!L6 -> 4200 | P6: ='Model SSD_1'!N6 -> 500 | Q6: ='Model Excel_1'!M6 -> 0 | R6: ='Model SSD_1'!O6 -> 1500 | S6: ='Model Excel_1'!N6 -> 4300 | T6: ='Model SSD_1'!R6 -> 0 | U6: ='Model Excel_1'!O6 -> 0 | V6: ='Model SSD_1'!S6 -> 1800 | W6: ='Model Excel_1'!P6 -> 1500 | X6: ='Model SSD_1'!Q6 -> 1000 | Y6: ='Model Excel_1'!Q6 -> 1300 | Z6: ='Model SSD_1'!T6 -> 300 | AA6: ='Model Excel_1'!R6 -> 1300 | AB6: ='Model SSD_1'!U6 -> 600 | AC6: ='Model Excel_1'!S6 -> 3100 | AD6: ='Model SSD_1'!Y6 -> 3600 | AE6: ='Model Excel_1'!U6 -> 3600 | AF6: ='Model SSD_1'!X6 -> 400 | AG6: ='Model Excel_1'!T6 -> 400 | AH6: ='Model SSD_1'!W6 -> 300 | AI6: ='Model Excel_1'!V6 -> 300 | AJ6: ='Model SSD_1'!Z6 -> 0 | AK6: ='Model Excel_1'!W6 -> 300 | AL6: 4
A7: 5 | B7: ='Model SSD_1'!F7 -> 700 | C7: ='Model Excel_1'!F7 -> 500 | D7: ='Model SSD_1'!G7 -> 0 | E7: ='Model Excel_1'!G7 -> 700 | F7: ='Model SSD_1'!H7 -> 0 | G7: ='Model Excel_1'!H7 -> 300 | H7: ='Model SSD_1'!I7 -> 1300 | I7: ='Model Excel_1'!I7 -> 5000 | J7: ='Model SSD_1'!L7 -> 0 | K7: ='Model Excel_1'!J7 -> 0 | L7: ='Model SSD_1'!M7 -> 0 | M7: ='Model Excel_1'!K7 -> 0 | N7: ='Model SSD_1'!K7 -> 1300 | O7: ='Model Excel_1'!L7 -> 8300 | P7: ='Model SSD_1'!N7 -> 0 | Q7: ='Model Excel_1'!M7 -> 0 | R7: ='Model SSD_1'!O7 -> 1500 | S7: ='Model Excel_1'!N7 -> 5800 | T7: ='Model SSD_1'!R7 -> 0 | U7: ='Model Excel_1'!O7 -> 0 | V7: ='Model SSD_1'!S7 -> 1500 | W7: ='Model Excel_1'!P7 -> 200 | X7: ='Model SSD_1'!Q7 -> 1500 | Y7: ='Model Excel_1'!Q7 -> 2800 | Z7: ='Model SSD_1'!T7 -> 300 | AA7: ='Model Excel_1'!R7 -> 200 | AB7: ='Model SSD_1'!U7 -> 900 | AC7: ='Model Excel_1'!S7 -> 5200 | AD7: ='Model SSD_1'!Y7 -> 4000 | AE7: ='Model Excel_1'!U7 -> 3700 | AF7: ='Model SSD_1'!X7 -> 400 | AG7: ='Model Excel_1'!T7 -> 400 | AH7: ='Model SSD_1'!W7 -> 600 | AI7: ='Model Excel_1'!V7 -> 600 | AJ7: ='Model SSD_1'!Z7 -> 300 | AK7: ='Model Excel_1'!W7 -> 600 | AL7: 5
A8: 6 | B8: ='Model SSD_1'!F8 -> 500 | C8: ='Model Excel_1'!F8 -> 0 | D8: ='Model SSD_1'!G8 -> 700 | E8: ='Model Excel_1'!G8 -> 400 | F8: ='Model SSD_1'!H8 -> 300 | G8: ='Model Excel_1'!H8 -> 300 | H8: ='Model SSD_1'!I8 -> 900 | I8: ='Model Excel_1'!I8 -> 6200 | J8: ='Model SSD_1'!L8 -> 0 | K8: ='Model Excel_1'!J8 -> 300 | L8: ='Model SSD_1'!M8 -> 0 | M8: ='Model Excel_1'!K8 -> 300 | N8: ='Model SSD_1'!K8 -> 1300 | O8: ='Model Excel_1'!L8 -> 13300 | P8: ='Model SSD_1'!N8 -> 0 | Q8: ='Model Excel_1'!M8 -> 300 | R8: ='Model SSD_1'!O8 -> 1500 | S8: ='Model Excel_1'!N8 -> 7300 | T8: ='Model SSD_1'!R8 -> 0 | U8: ='Model Excel_1'!O8 -> 0 | V8: ='Model SSD_1'!S8 -> 1200 | W8: ='Model Excel_1'!P8 -> 0 | X8: ='Model SSD_1'!Q8 -> 1500 | Y8: ='Model Excel_1'!Q8 -> 6900 | Z8: ='Model SSD_1'!T8 -> 1000 | AA8: ='Model Excel_1'!R8 -> 0 | AB8: ='Model SSD_1'!U8 -> 1900 | AC8: ='Model Excel_1'!S8 -> 7300 | AD8: ='Model SSD_1'!Y8 -> 4100 | AE8: ='Model Excel_1'!U8 -> 3500 | AF8: ='Model SSD_1'!X8 -> 400 | AG8: ='Model Excel_1'!T8 -> 400 | AH8: ='Model SSD_1'!W8 -> 900 | AI8: ='Model Excel_1'!V8 -> 1200 | AJ8: ='Model SSD_1'!Z8 -> 300 | AK8: ='Model Excel_1'!W8 -> 1200 | AL8: 6
A9: 7 | B9: ='Model SSD_1'!F9 -> 0 | C9: ='Model Excel_1'!F9 -> 0 | D9: ='Model SSD_1'!G9 -> 900 | E9: ='Model Excel_1'!G9 -> 100 | F9: ='Model SSD_1'!H9 -> 300 | G9: ='Model Excel_1'!H9 -> 100 | H9: ='Model SSD_1'!I9 -> 700 | I9: ='Model Excel_1'!I9 -> 7500 | J9: ='Model SSD_1'!L9 -> 300 | K9: ='Model Excel_1'!J9 -> 1300 | L9: ='Model SSD_1'!M9 -> 0 | M9: ='Model Excel_1'!K9 -> 1300 | N9: ='Model SSD_1'!K9 -> 900 | O9: ='Model Excel_1'!L9 -> 19200 | P9: ='Model SSD_1'!N9 -> 0 | Q9: ='Model Excel_1'!M9 -> 1300 | R9: ='Model SSD_1'!O9 -> 1500 | S9: ='Model Excel_1'!N9 -> 8800 | T9: ='Model SSD_1'!R9 -> 0 | U9: ='Model Excel_1'!O9 -> 0 | V9: ='Model SSD_1'!S9 -> 200 | W9: ='Model Excel_1'!P9 -> 0 | X9: ='Model SSD_1'!Q9 -> 1500 | Y9: ='Model Excel_1'!Q9 -> 12700 | Z9: ='Model SSD_1'!T9 -> 200 | AA9: ='Model Excel_1'!R9 -> 0 | AB9: ='Model SSD_1'!U9 -> 2100 | AC9: ='Model Excel_1'!S9 -> 9400 | AD9: ='Model SSD_1'!Y9 -> 4200 | AE9: ='Model Excel_1'!U9 -> 2700 | AF9: ='Model SSD_1'!X9 -> 400 | AG9: ='Model Excel_1'!T9 -> 400 | AH9: ='Model SSD_1'!W9 -> 1900 | AI9: ='Model Excel_1'!V9 -> 3100 | AJ9: ='Model SSD_1'!Z9 -> 300 | AK9: ='Model Excel_1'!W9 -> 2700 | AL9: 7
A10: 8 | B10: ='Model SSD_1'!F10 -> 0 | C10: ='Model Excel_1'!F10 -> 300 | D10: ='Model SSD_1'!G10 -> 600 | E10: ='Model Excel_1'!G10 -> 300 | F10: ='Model SSD_1'!H10 -> 500 | G10: ='Model Excel_1'!H10 -> 300 | H10: ='Model SSD_1'!I10 -> 1200 | I10: ='Model Excel_1'!I10 -> 8800 | J10: ='Model SSD_1'!L10 -> 300 | K10: ='Model Excel_1'!J10 -> 200 | L10: ='Model SSD_1'!M10 -> 300 | M10: ='Model Excel_1'!K10 -> 200 | N10: ='Model SSD_1'!K10 -> 700 | O10: ='Model Excel_1'!L10 -> 25400 | P10: ='Model SSD_1'!N10 -> 300 | Q10: ='Model Excel_1'!M10 -> 200 | R10: ='Model SSD_1'!O10 -> 1500 | S10: ='Model Excel_1'!N10 -> 10300 | T10: ='Model SSD_1'!R10 -> 0 | U10: ='Model Excel_1'!O10 -> 300 | V10: ='Model SSD_1'!S10 -> 0 | W10: ='Model Excel_1'!P10 -> 300 | X10: ='Model SSD_1'!Q10 -> 1500 | Y10: ='Model Excel_1'!Q10 -> 20000 | Z10: ='Model SSD_1'!T10 -> 0 | AA10: ='Model Excel_1'!R10 -> 300 | AB10: ='Model SSD_1'!U10 -> 2100 | AC10: ='Model Excel_1'!S10 -> 11500 | AD10: ='Model SSD_1'!Y10 -> 4300 | AE10: ='Model Excel_1'!U10 -> 400 | AF10: ='Model SSD_1'!X10 -> 400 | AG10: ='Model Excel_1'!T10 -> 800 | AH10: ='Model SSD_1'!W10 -> 2100 | AI10: ='Model Excel_1'!V10 -> 5600 | AJ10: ='Model SSD_1'!Z10 -> 600 | AK10: ='Model Excel_1'!W10 -> 400 | AL10: 8
A11: 9 | B11: ='Model SSD_1'!F11 -> 0 | C11: ='Model Excel_1'!F11 -> 1300 | D11: ='Model SSD_1'!G11 -> 100 | E11: ='Model Excel_1'!G11 -> 1300 | F11: ='Model SSD_1'!H11 -> 100 | G11: ='Model Excel_1'!H11 -> 300 | H11: ='Model SSD_1'!I11 -> 1300 | I11: ='Model Excel_1'!I11 -> 9100 | J11: ='Model SSD_1'!L11 -> 1000 | K11: ='Model Excel_1'!J11 -> 0 | L11: ='Model SSD_1'!M11 -> 300 | M11: ='Model Excel_1'!K11 -> 0 | N11: ='Model SSD_1'!K11 -> 1200 | O11: ='Model Excel_1'!L11 -> 34000 | P11: ='Model SSD_1'!N11 -> 300 | Q11: ='Model Excel_1'!M11 -> 0 | R11: ='Model SSD_1'!O11 -> 1500 | S11: ='Model Excel_1'!N11 -> 11800 | T11: ='Model SSD_1'!R11 -> 300 | U11: ='Model Excel_1'!O11 -> 600 | V11: ='Model SSD_1'!S11 -> 0 | W11: ='Model Excel_1'!P11 -> 600 | X11: ='Model SSD_1'!Q11 -> 1500 | Y11: ='Model Excel_1'!Q11 -> 28500 | Z11: ='Model SSD_1'!T11 -> 0 | AA11: ='Model Excel_1'!R11 -> 600 | AB11: ='Model SSD_1'!U11 -> 2100 | AC11: ='Model Excel_1'!S11 -> 13600 | AD11: ='Model SSD_1'!Y11 -> 4100 | AE11: ='Model Excel_1'!U11 -> 800 | AF11: ='Model SSD_1'!X11 -> 800 | AG11: ='Model Excel_1'!T11 -> 1200 | AH11: ='Model SSD_1'!W11 -> 2100 | AI11: ='Model Excel_1'!V11 -> 12500 | AJ11: ='Model SSD_1'!Z11 -> 900 | AK11: ='Model Excel_1'!W11 -> 800 | AL11: 9
A12: 10 | B12: ='Model SSD_1'!F12 -> 300 | C12: ='Model Excel_1'!F12 -> 200 | D12: ='Model SSD_1'!G12 -> 0 | E12: ='Model Excel_1'!G12 -> 1200 | F12: ='Model SSD_1'!H12 -> 0 | G12: ='Model Excel_1'!H12 -> 300 | H12: ='Model SSD_1'!I12 -> 1300 | I12: ='Model Excel_1'!I12 -> 9500 | J12: ='Model SSD_1'!L12 -> 200 | K12: ='Model Excel_1'!J12 -> 0 | L12: ='Model SSD_1'!M12 -> 1000 | M12: ='Model Excel_1'!K12 -> 0 | N12: ='Model SSD_1'!K12 -> 1300 | O12: ='Model Excel_1'!L12 -> 43100 | P12: ='Model SSD_1'!N12 -> 1000 | Q12: ='Model Excel_1'!M12 -> 0 | R12: ='Model SSD_1'!O12 -> 1500 | S12: ='Model Excel_1'!N12 -> 13300 | T12: ='Model SSD_1'!R12 -> 300 | U12: ='Model Excel_1'!O12 -> 1200 | V12: ='Model SSD_1'!S12 -> 300 | W12: ='Model Excel_1'!P12 -> 1200 | X12: ='Model SSD_1'!Q12 -> 1500 | Y12: ='Model Excel_1'!Q12 -> 38200 | Z12: ='Model SSD_1'!T12 -> 300 | AA12: ='Model Excel_1'!R12 -> 1200 | AB12: ='Model SSD_1'!U12 -> 2100 | AC12: ='Model Excel_1'!S12 -> 15700 | AD12: ='Model SSD_1'!Y12 -> 4000 | AE12: ='Model Excel_1'!U12 -> 1200 | AF12: ='Model SSD_1'!X12 -> 800 | AG12: ='Model Excel_1'!T12 -> 1200 | AH12: ='Model SSD_1'!W12 -> 2100 | AI12: ='Model Excel_1'!V12 -> 21100 | AJ12: ='Model SSD_1'!Z12 -> 1900 | AK12: ='Model Excel_1'!W12 -> 1200 | AL12: 10
A13: 11 | B13: ='Model SSD_1'!F13 -> 300 | C13: ='Model Excel_1'!F13 -> 0 | D13: ='Model SSD_1'!G13 -> 300 | E13: ='Model Excel_1'!G13 -> 900 | F13: ='Model SSD_1'!H13 -> 300 | G13: ='Model Excel_1'!H13 -> 300 | H13: ='Model SSD_1'!I13 -> 1300 | I13: ='Model Excel_1'!I13 -> 10200 | J13: ='Model SSD_1'!L13 -> 0 | K13: ='Model Excel_1'!J13 -> 300 | L13: ='Model SSD_1'!M13 -> 200 | M13: ='Model Excel_1'!K13 -> 300 | N13: ='Model SSD_1'!K13 -> 1300 | O13: ='Model Excel_1'!L13 -> 52600 | P13: ='Model SSD_1'!N13 -> 200 | Q13: ='Model Excel_1'!M13 -> 300 | R13: ='Model SSD_1'!O13 -> 1500 | S13: ='Model Excel_1'!N13 -> 14800 | T13: ='Model SSD_1'!R13 -> 300 | U13: ='Model Excel_1'!O13 -> 2700 | V13: ='Model SSD_1'!S13 -> 300 | W13: ='Model Excel_1'!P13 -> 2700 | X13: ='Model SSD_1'!Q13 -> 1500 | Y13: ='Model Excel_1'!Q13 -> 48800 | Z13: ='Model SSD_1'!T13 -> 300 | AA13: ='Model Excel_1'!R13 -> 2700 | AB13: ='Model SSD_1'!U13 -> 2100 | AC13: ='Model Excel_1'!S13 -> 17800 | AD13: ='Model SSD_1'!Y13 -> 2900 | AE13: ='Model Excel_1'!U13 -> 1200 | AF13: ='Model SSD_1'!X13 -> 800 | AG13: ='Model Excel_1'!T13 -> 1200 | AH13: ='Model SSD_1'!W13 -> 2100 | AI13: ='Model Excel_1'!V13 -> 31400 | AJ13: ='Model SSD_1'!Z13 -> 2100 | AK13: ='Model Excel_1'!W13 -> 1200 | AL13: 11
... A402: 400 | B402: ='Model SSD_1'!F402 -> 1100 | C402: ='Model Excel_1'!F402 -> 0 | D402: ='Model SSD_1'!G402 -> 600 | E402: ='Model Excel_1'!G402 -> 7600 | F402: ='Model SSD_1'!H402 -> 500 | G402: ='Model Excel_1'!H402 -> 500 | H402: ='Model SSD_1'!I402 -> 1200 | I402: ='Model Excel_1'!I402 -> 0 | J402: ='Model SSD_1'!L402 -> 0 | K402: ='Model Excel_1'!J402 -> 1200 | L402: ='Model SSD_1'!M402 -> 200 | M402: ='Model Excel_1'!K402 -> 324000 | N402: ='Model SSD_1'!K402 -> 1300 | O402: ='Model Excel_1'!L402 -> 0 | P402: ='Model SSD_1'!N402 -> 200 | Q402: ='Model Excel_1'!M402 -> 0 | R402: ='Model SSD_1'!O402 -> 1500 | S402: ='Model Excel_1'!N402 -> 0 | T402: ='Model SSD_1'!R402 -> 2000 | U402: ='Model Excel_1'!O402 -> 1200 | V402: ='Model SSD_1'!S402 -> 500 | W402: ='Model Excel_1'!P402 -> 1200 | X402: ='Model SSD_1'!Q402 -> 1300 | Y402: ='Model Excel_1'!Q402 -> 14448900 | Z402: ='Model SSD_1'!T402 -> 0 | AA402: ='Model Excel_1'!R402 -> 1200 | AB402: ='Model SSD_1'!U402 -> 1600 | AC402: ='Model Excel_1'!S402 -> 834700 | AD402: ='Model SSD_1'!Y402 -> 2800 | AE402: ='Model Excel_1'!U402 -> 1200 | AF402: ='Model SSD_1'!X402 -> 800 | AG402: ='Model Excel_1'!T402 -> 1200 | AH402: ='Model SSD_1'!W402 -> 2100 | AI402: ='Model Excel_1'!V402 -> 163333600 | AJ402: ='Model SSD_1'!Z402 -> 2100 | AK402: ='Model Excel_1'!W402 -> 1200 | AL402: 400

Sheet Contrast_2
A1: With limits | B1: Incoming goods Retail, Unit/ Week SSD / Excel | D1: Warehouse Retail, Unit SSD / Excel | F1: Outgoing goods Retail, Unit/ Week SSD / Excel | H1: Orders Retail, Unit/ Week SSD / Excel | J1: Incoming goods Wholesale, Unit/ Week SSD / Excel | L1: Warehouse Wholesale, Unit SSD / Excel | N1: Placed orders Retail, Unit SSD / Excel | P1: Outgoing goods Wholesale, Unit/ Week SSD / Excel | R1: Orders Wholesale, Unit/ Week SSD / Excel | T1: Incoming goods RWH, Unit/ Week SSD / Excel | V1: Warehouse RWH, Unit SSD / Excel | X1: Outgoing orders Wholesale, Unit/ Week SSD / Excel | Z1: Outgoing goods RWH, Unit/ Week SSD / Excel | AB1: Orders RWH, Unit/ Week SSD / Excel | AD1: Production Factory, Unit/ Week SSD / Excel | AF1: Warehouse Factory, Unit SSD / Excel | AH1: Outgoing orders RWH, Unit/ Week SSD / Excel | AJ1: Outgoing goods Factory, Unit/ Week SSD / Excel
A2: 0 | B2: ='Model SSD_2'!F2 -> 0 | C2: ='Model Excel_2'!F2 -> 0 | D2: ='Model SSD_2'!G2 -> 900 | E2: ='Model Excel_2'!G2 -> 900 | F2: ='Model SSD_2'!H2 -> 0 | G2: ='Model Excel_2'!H2 -> 0 | H2: ='Model SSD_2'!I2 -> 0 | I2: ='Model Excel_2'!I2 -> 0 | J2: ='Model SSD_2'!L2 -> 0 | K2: ='Model Excel_2'!J2 -> 0 | L2: ='Model SSD_2'!M2 -> 1200 | M2: ='Model Excel_2'!K2 -> 1200 | N2: ='Model SSD_2'!K2 -> 0 | O2: ='Model Excel_2'!L2 -> 0 | P2: ='Model SSD_2'!N2 -> 0 | Q2: ='Model Excel_2'!M2 -> 0 | R2: ='Model SSD_2'!O2 -> 0 | S2: ='Model Excel_2'!N2 -> 0 | T2: ='Model SSD_2'!R2 -> 0 | U2: ='Model Excel_2'!O2 -> 0 | V2: ='Model SSD_2'!S2 -> 1800 | W2: ='Model Excel_2'!P2 -> 1800 | X2: ='Model SSD_2'!Q2 -> 0 | Y2: ='Model Excel_2'!Q2 -> 0 | Z2: ='Model SSD_2'!T2 -> 0 | AA2: ='Model Excel_2'!R2 -> 0 | AB2: ='Model SSD_2'!U2 -> 0 | AC2: ='Model Excel_2'!S2 -> 0 | AD2: ='Model SSD_2'!Y2 -> 2400 | AE2: ='Model Excel_2'!U2 -> 2400 | AF2: ='Model SSD_2'!X2 -> 0 | AG2: ='Model Excel_2'!T2 -> 0 | AH2: ='Model SSD_2'!W2 -> 0 | AI2: ='Model Excel_2'!V2 -> 0 | AJ2: ='Model SSD_2'!Z2 -> 0 | AK2: ='Model Excel_2'!W2 -> 0 | AL2: 0
A3: 1 | B3: ='Model SSD_2'!F3 -> 0 | C3: ='Model Excel_2'!F3 -> 0 | D3: ='Model SSD_2'!G3 -> 900 | E3: ='Model Excel_2'!G3 -> 900 | F3: ='Model SSD_2'!H3 -> 300 | G3: ='Model Excel_2'!H3 -> 300 | H3: ='Model SSD_2'!I3 -> 700 | I3: ='Model Excel_2'!I3 -> 700 | J3: ='Model SSD_2'!L3 -> 0 | K3: ='Model Excel_2'!J3 -> 0 | L3: ='Model SSD_2'!M3 -> 1200 | M3: ='Model Excel_2'!K3 -> 1200 | N3: ='Model SSD_2'!K3 -> 0 | O3: ='Model Excel_2'!L3 -> 0 | P3: ='Model SSD_2'!N3 -> 0 | Q3: ='Model Excel_2'!M3 -> 0 | R3: ='Model SSD_2'!O3 -> 300 | S3: ='Model Excel_2'!N3 -> 300 | T3: ='Model SSD_2'!R3 -> 0 | U3: ='Model Excel_2'!O3 -> 0 | V3: ='Model SSD_2'!S3 -> 1800 | W3: ='Model Excel_2'!P3 -> 1800 | X3: ='Model SSD_2'!Q3 -> 0 | Y3: ='Model Excel_2'!Q3 -> 0 | Z3: ='Model SSD_2'!T3 -> 0 | AA3: ='Model Excel_2'!R3 -> 0 | AB3: ='Model SSD_2'!U3 -> 300 | AC3: ='Model Excel_2'!S3 -> 300 | AD3: ='Model SSD_2'!Y3 -> 2400 | AE3: ='Model Excel_2'!U3 -> 2400 | AF3: ='Model SSD_2'!X3 -> 400 | AG3: ='Model Excel_2'!T3 -> 400 | AH3: ='Model SSD_2'!W3 -> 0 | AI3: ='Model Excel_2'!V3 -> 0 | AJ3: ='Model SSD_2'!Z3 -> 0 | AK3: ='Model Excel_2'!W3 -> 0 | AL3: 1
A4: 2 | B4: ='Model SSD_2'!F4 -> 0 | C4: ='Model Excel_2'!F4 -> 0 | D4: ='Model SSD_2'!G4 -> 600 | E4: ='Model Excel_2'!G4 -> 600 | F4: ='Model SSD_2'!H4 -> 300 | G4: ='Model Excel_2'!H4 -> 300 | H4: ='Model SSD_2'!I4 -> 1000 | I4: ='Model Excel_2'!I4 -> 1700 | J4: ='Model SSD_2'!L4 -> 0 | K4: ='Model Excel_2'!J4 -> 0 | L4: ='Model SSD_2'!M4 -> 1200 | M4: ='Model Excel_2'!K4 -> 1200 | N4: ='Model SSD_2'!K4 -> 0 | O4: ='Model Excel_2'!L4 -> 0 | P4: ='Model SSD_2'!N4 -> 0 | Q4: ='Model Excel_2'!M4 -> 0 | R4: ='Model SSD_2'!O4 -> 300 | S4: ='Model Excel_2'!N4 -> 600 | T4: ='Model SSD_2'!R4 -> 0 | U4: ='Model Excel_2'!O4 -> 0 | V4: ='Model SSD_2'!S4 -> 1800 | W4: ='Model Excel_2'!P4 -> 1800 | X4: ='Model SSD_2'!Q4 -> 0 | Y4: ='Model Excel_2'!Q4 -> 0 | Z4: ='Model SSD_2'!T4 -> 0 | AA4: ='Model Excel_2'!R4 -> 0 | AB4: ='Model SSD_2'!U4 -> 300 | AC4: ='Model Excel_2'!S4 -> 600 | AD4: ='Model SSD_2'!Y4 -> 2800 | AE4: ='Model Excel_2'!U4 -> 2800 | AF4: ='Model SSD_2'!X4 -> 400 | AG4: ='Model Excel_2'!T4 -> 400 | AH4: ='Model SSD_2'!W4 -> 0 | AI4: ='Model Excel_2'!V4 -> 0 | AJ4: ='Model SSD_2'!Z4 -> 0 | AK4: ='Model Excel_2'!W4 -> 0 | AL4: 2
A5: 3 | B5: ='Model SSD_2'!F5 -> 0 | C5: ='Model Excel_2'!F5 -> 0 | D5: ='Model SSD_2'!G5 -> 300 | E5: ='Model Excel_2'!G5 -> 300 | F5: ='Model SSD_2'!H5 -> 300 | G5: ='Model Excel_2'!H5 -> 300 | H5: ='Model SSD_2'!I5 -> 1300 | I5: ='Model Excel_2'!I5 -> 3000 | J5: ='Model SSD_2'!L5 -> 0 | K5: ='Model Excel_2'!J5 -> 0 | L5: ='Model SSD_2'!M5 -> 1200 | M5: ='Model Excel_2'!K5 -> 1200 | N5: ='Model SSD_2'!K5 -> 1000 | O5: ='Model Excel_2'!L5 -> 1000 | P5: ='Model SSD_2'!N5 -> 0 | Q5: ='Model Excel_2'!M5 -> 1000 | R5: ='Model SSD_2'!O5 -> 300 | S5: ='Model Excel_2'!N5 -> 1900 | T5: ='Model SSD_2'!R5 -> 0 | U5: ='Model Excel_2'!O5 -> 0 | V5: ='Model SSD_2'!S5 -> 1800 | W5: ='Model Excel_2'!P5 -> 1800 | X5: ='Model SSD_2'!Q5 -> 0 | Y5: ='Model Excel_2'!Q5 -> 0 | Z5: ='Model SSD_2'!T5 -> 0 | AA5: ='Model Excel_2'!R5 -> 0 | AB5: ='Model SSD_2'!U5 -> 300 | AC5: ='Model Excel_2'!S5 -> 900 | AD5: ='Model SSD_2'!Y5 -> 3200 | AE5: ='Model Excel_2'!U5 -> 3200 | AF5: ='Model SSD_2'!X5 -> 400 | AG5: ='Model Excel_2'!T5 -> 400 | AH5: ='Model SSD_2'!W5 -> 0 | AI5: ='Model Excel_2'!V5 -> 0 | AJ5: ='Model SSD_2'!Z5 -> 0 | AK5: ='Model Excel_2'!W5 -> 0 | AL5: 3
A6: 4 | B6: ='Model SSD_2'!F6 -> 0 | C6: ='Model Excel_2'!F6 -> 0 | D6: ='Model SSD_2'!G6 -> 0 | E6: ='Model Excel_2'!G6 -> 0 | F6: ='Model SSD_2'!H6 -> 0 | G6: ='Model Excel_2'!H6 -> 0 | H6: ='Model SSD_2'!I6 -> 1300 | I6: ='Model Excel_2'!I6 -> 4300 | J6: ='Model SSD_2'!L6 -> 0 | K6: ='Model Excel_2'!J6 -> 0 | L6: ='Model SSD_2'!M6 -> 1200 | M6: ='Model Excel_2'!K6 -> 200 | N6: ='Model SSD_2'!K6 -> 1000 | O6: ='Model Excel_2'!L6 -> 1000 | P6: ='Model SSD_2'!N6 -> 1000 | Q6: ='Model Excel_2'!M6 -> 0 | R6: ='Model SSD_2'!O6 -> 1300 | S6: ='Model Excel_2'!N6 -> 3200 | T6: ='Model SSD_2'!R6 -> 0 | U6: ='Model Excel_2'!O6 -> 0 | V6: ='Model SSD_2'!S6 -> 1800 | W6: ='Model Excel_2'!P6 -> 1800 | X6: ='Model SSD_2'!Q6 -> 0 | Y6: ='Model Excel_2'!Q6 -> 0 | Z6: ='Model SSD_2'!T6 -> 0 | AA6: ='Model Excel_2'!R6 -> 0 | AB6: ='Model SSD_2'!U6 -> 300 | AC6: ='Model Excel_2'!S6 -> 1200 | AD6: ='Model SSD_2'!Y6 -> 3600 | AE6: ='Model Excel_2'!U6 -> 3600 | AF6: ='Model SSD_2'!X6 -> 400 | AG6: ='Model Excel_2'!T6 -> 400 | AH6: ='Model SSD_2'!W6 -> 0 | AI6: ='Model Excel_2'!V6 -> 0 | AJ6: ='Model SSD_2'!Z6 -> 0 | AK6: ='Model Excel_2'!W6 -> 0 | AL6: 4
A7: 5 | B7: ='Model SSD_2'!F7 -> 0 | C7: ='Model Excel_2'!F7 -> 1000 | D7: ='Model SSD_2'!G7 -> 0 | E7: ='Model Excel_2'!G7 -> 1000 | F7: ='Model SSD_2'!H7 -> 0 | G7: ='Model Excel_2'!H7 -> 300 | H7: ='Model SSD_2'!I7 -> 1300 | I7: ='Model Excel_2'!I7 -> 4900 | J7: ='Model SSD_2'!L7 -> 0 | K7: ='Model Excel_2'!J7 -> 0 | L7: ='Model SSD_2'!M7 -> 200 | M7: ='Model Excel_2'!K7 -> 200 | N7: ='Model SSD_2'!K7 -> 1000 | O7: ='Model Excel_2'!L7 -> 2000 | P7: ='Model SSD_2'!N7 -> 0 | Q7: ='Model Excel_2'!M7 -> 0 | R7: ='Model SSD_2'!O7 -> 1300 | S7: ='Model Excel_2'!N7 -> 4500 | T7: ='Model SSD_2'!R7 -> 0 | U7: ='Model Excel_2'!O7 -> 0 | V7: ='Model SSD_2'!S7 -> 1800 | W7: ='Model Excel_2'!P7 -> 1800 | X7: ='Model SSD_2'!Q7 -> 1500 | Y7: ='Model Excel_2'!Q7 -> 1500 | Z7: ='Model SSD_2'!T7 -> 0 | AA7: ='Model Excel_2'!R7 -> 1500 | AB7: ='Model SSD_2'!U7 -> 300 | AC7: ='Model Excel_2'!S7 -> 3000 | AD7: ='Model SSD_2'!Y7 -> 4000 | AE7: ='Model Excel_2'!U7 -> 4000 | AF7: ='Model SSD_2'!X7 -> 400 | AG7: ='Model Excel_2'!T7 -> 400 | AH7: ='Model SSD_2'!W7 -> 0 | AI7: ='Model Excel_2'!V7 -> 0 | AJ7: ='Model SSD_2'!Z7 -> 0 | AK7: ='Model Excel_2'!W7 -> 0 | AL7: 5
A8: 6 | B8: ='Model SSD_2'!F8 -> 1000 | C8: ='Model Excel_2'!F8 -> 0 | D8: ='Model SSD_2'!G8 -> 0 | E8: ='Model Excel_2'!G8 -> 700 | F8: ='Model SSD_2'!H8 -> 0 | G8: ='Model Excel_2'!H8 -> 300 | H8: ='Model SSD_2'!I8 -> 1300 | I8: ='Model Excel_2'!I8 -> 5800 | J8: ='Model SSD_2'!L8 -> 0 | K8: ='Model Excel_2'!J8 -> 0 | L8: ='Model SSD_2'!M8 -> 200 | M8: ='Model Excel_2'!K8 -> 200 | N8: ='Model SSD_2'!K8 -> 1000 | O8: ='Model Excel_2'!L8 -> 3000 | P8: ='Model SSD_2'!N8 -> 0 | Q8: ='Model Excel_2'!M8 -> 0 | R8: ='Model SSD_2'!O8 -> 1300 | S8: ='Model Excel_2'!N8 -> 5800 | T8: ='Model SSD_2'!R8 -> 0 | U8: ='Model Excel_2'!O8 -> 0 | V8: ='Model SSD_2'!S8 -> 1800 | W8: ='Model Excel_2'!P8 -> 300 | X8: ='Model SSD_2'!Q8 -> 1500 | Y8: ='Model Excel_2'!Q8 -> 1500 | Z8: ='Model SSD_2'!T8 -> 0 | AA8: ='Model Excel_2'!R8 -> 0 | AB8: ='Model SSD_2'!U8 -> 300 | AC8: ='Model Excel_2'!S8 -> 4800 | AD8: ='Model SSD_2'!Y8 -> 4400 | AE8: ='Model Excel_2'!U8 -> 4400 | AF8: ='Model SSD_2'!X8 -> 400 | AG8: ='Model Excel_2'!T8 -> 400 | AH8: ='Model SSD_2'!W8 -> 0 | AI8: ='Model Excel_2'!V8 -> 0 | AJ8: ='Model SSD_2'!Z8 -> 0 | AK8: ='Model Excel_2'!W8 -> 0 | AL8: 6
A9: 7 | B9: ='Model SSD_2'!F9 -> 0 | C9: ='Model Excel_2'!F9 -> 0 | D9: ='Model SSD_2'!G9 -> 1000 | E9: ='Model Excel_2'!G9 -> 400 | F9: ='Model SSD_2'!H9 -> 300 | G9: ='Model Excel_2'!H9 -> 300 | H9: ='Model SSD_2'!I9 -> 600 | I9: ='Model Excel_2'!I9 -> 7000 | J9: ='Model SSD_2'!L9 -> 0 | K9: ='Model Excel_2'!J9 -> 0 | L9: ='Model SSD_2'!M9 -> 200 | M9: ='Model Excel_2'!K9 -> 200 | N9: ='Model SSD_2'!K9 -> 1000 | O9: ='Model Excel_2'!L9 -> 4000 | P9: ='Model SSD_2'!N9 -> 0 | Q9: ='Model Excel_2'!M9 -> 0 | R9: ='Model SSD_2'!O9 -> 1300 | S9: ='Model Excel_2'!N9 -> 7100 | T9: ='Model SSD_2'!R9 -> 0 | U9: ='Model Excel_2'!O9 -> 0 | V9: ='Model SSD_2'!S9 -> 1800 | W9: ='Model Excel_2'!P9 -> 300 | X9: ='Model SSD_2'!Q9 -> 1500 | Y9: ='Model Excel_2'!Q9 -> 3000 | Z9: ='Model SSD_2'!T9 -> 1500 | AA9: ='Model Excel_2'!R9 -> 0 | AB9: ='Model SSD_2'!U9 -> 1800 | AC9: ='Model Excel_2'!S9 -> 6600 | AD9: ='Model SSD_2'!Y9 -> 4800 | AE9: ='Model Excel_2'!U9 -> 4800 | AF9: ='Model SSD_2'!X9 -> 400 | AG9: ='Model Excel_2'!T9 -> 400 | AH9: ='Model SSD_2'!W9 -> 0 | AI9: ='Model Excel_2'!V9 -> 0 | AJ9: ='Model SSD_2'!Z9 -> 0 | AK9: ='Model Excel_2'!W9 -> 0 | AL9: 7
A10: 8 | B10: ='Model SSD_2'!F10 -> 0 | C10: ='Model Excel_2'!F10 -> 0 | D10: ='Model SSD_2'!G10 -> 700 | E10: ='Model Excel_2'!G10 -> 100 | F10: ='Model SSD_2'!H10 -> 500 | G10: ='Model Excel_2'!H10 -> 100 | H10: ='Model SSD_2'!I10 -> 1100 | I10: ='Model Excel_2'!I10 -> 8300 | J10: ='Model SSD_2'!L10 -> 0 | K10: ='Model Excel_2'!J10 -> 1500 | L10: ='Model SSD_2'!M10 -> 200 | M10: ='Model Excel_2'!K10 -> 1700 | N10: ='Model SSD_2'!K10 -> 1000 | O10: ='Model Excel_2'!L10 -> 5000 | P10: ='Model SSD_2'!N10 -> 0 | Q10: ='Model Excel_2'!M10 -> 1000 | R10: ='Model SSD_2'!O10 -> 1300 | S10: ='Model Excel_2'!N10 -> 7900 | T10: ='Model SSD_2'!R10 -> 0 | U10: ='Model Excel_2'!O10 -> 0 | V10: ='Model SSD_2'!S10 -> 300 | W10: ='Model Excel_2'!P10 -> 300 | X10: ='Model SSD_2'!Q10 -> 1500 | Y10: ='Model Excel_2'!Q10 -> 4500 | Z10: ='Model SSD_2'!T10 -> 0 | AA10: ='Model Excel_2'!R10 -> 0 | AB10: ='Model SSD_2'!U10 -> 1800 | AC10: ='Model Excel_2'!S10 -> 8400 | AD10: ='Model SSD_2'!Y10 -> 5200 | AE10: ='Model Excel_2'!U10 -> 5200 | AF10: ='Model SSD_2'!X10 -> 400 | AG10: ='Model Excel_2'!T10 -> 400 | AH10: ='Model SSD_2'!W10 -> 2000 | AI10: ='Model Excel_2'!V10 -> 2000 | AJ10: ='Model SSD_2'!Z10 -> 0 | AK10: ='Model Excel_2'!W10 -> 2000 | AL10: 8
A11: 9 | B11: ='Model SSD_2'!F11 -> 0 | C11: ='Model Excel_2'!F11 -> 0 | D11: ='Model SSD_2'!G11 -> 200 | E11: ='Model Excel_2'!G11 -> 0 | F11: ='Model SSD_2'!H11 -> 200 | G11: ='Model Excel_2'!H11 -> 0 | H11: ='Model SSD_2'!I11 -> 1300 | I11: ='Model Excel_2'!I11 -> 9600 | J11: ='Model SSD_2'!L11 -> 0 | K11: ='Model Excel_2'!J11 -> 0 | L11: ='Model SSD_2'!M11 -> 200 | M11: ='Model Excel_2'!K11 -> 700 | N11: ='Model SSD_2'!K11 -> 1000 | O11: ='Model Excel_2'!L11 -> 5000 | P11: ='Model SSD_2'!N11 -> 0 | Q11: ='Model Excel_2'!M11 -> 0 | R11: ='Model SSD_2'!O11 -> 1300 | S11: ='Model Excel_2'!N11 -> 8700 | T11: ='Model SSD_2'!R11 -> 0 | U11: ='Model Excel_2'!O11 -> 0 | V11: ='Model SSD_2'!S11 -> 300 | W11: ='Model Excel_2'!P11 -> 300 | X11: ='Model SSD_2'!Q11 -> 0 | Y11: ='Model Excel_2'!Q11 -> 6000 | Z11: ='Model SSD_2'!T11 -> 0 | AA11: ='Model Excel_2'!R11 -> 0 | AB11: ='Model SSD_2'!U11 -> 1800 | AC11: ='Model Excel_2'!S11 -> 10200 | AD11: ='Model SSD_2'!Y11 -> 5600 | AE11: ='Model Excel_2'!U11 -> 3600 | AF11: ='Model SSD_2'!X11 -> 400 | AG11: ='Model Excel_2'!T11 -> 400 | AH11: ='Model SSD_2'!W11 -> 2000 | AI11: ='Model Excel_2'!V11 -> 2000 | AJ11: ='Model SSD_2'!Z11 -> 0 | AK11: ='Model Excel_2'!W11 -> 2000 | AL11: 9
A12: 10 | B12: ='Model SSD_2'!F12 -> 0 | C12: ='Model Excel_2'!F12 -> 1000 | D12: ='Model SSD_2'!G12 -> 0 | E12: ='Model Excel_2'!G12 -> 1000 | F12: ='Model SSD_2'!H12 -> 0 | G12: ='Model Excel_2'!H12 -> 300 | H12: ='Model SSD_2'!I12 -> 1300 | I12: ='Model Excel_2'!I12 -> 10200 | J12: ='Model SSD_2'!L12 -> 1500 | K12: ='Model Excel_2'!J12 -> 0 | L12: ='Model SSD_2'!M12 -> 200 | M12: ='Model Excel_2'!K12 -> 700 | N12: ='Model SSD_2'!K12 -> 1000 | O12: ='Model Excel_2'!L12 -> 6000 | P12: ='Model SSD_2'!N12 -> 0 | Q12: ='Model Excel_2'!M12 -> 0 | R12: ='Model SSD_2'!O12 -> 1300 | S12: ='Model Excel_2'!N12 -> 9500 | T12: ='Model SSD_2'!R12 -> 0 | U12: ='Model Excel_2'!O12 -> 0 | V12: ='Model SSD_2'!S12 -> 300 | W12: ='Model Excel_2'!P12 -> 300 | X12: ='Model SSD_2'!Q12 -> 1500 | Y12: ='Model Excel_2'!Q12 -> 7500 | Z12: ='Model SSD_2'!T12 -> 0 | AA12: ='Model Excel_2'!R12 -> 0 | AB12: ='Model SSD_2'!U12 -> 1800 | AC12: ='Model Excel_2'!S12 -> 12000 | AD12: ='Model SSD_2'!Y12 -> 6000 | AE12: ='Model Excel_2'!U12 -> 2000 | AF12: ='Model SSD_2'!X12 -> 400 | AG12: ='Model Excel_2'!T12 -> 800 | AH12: ='Model SSD_2'!W12 -> 2000 | AI12: ='Model Excel_2'!V12 -> 2000 | AJ12: ='Model SSD_2'!Z12 -> 0 | AK12: ='Model Excel_2'!W12 -> 2000 | AL12: 10
A13: 11 | B13: ='Model SSD_2'!F13 -> 0 | C13: ='Model Excel_2'!F13 -> 0 | D13: ='Model SSD_2'!G13 -> 0 | E13: ='Model Excel_2'!G13 -> 700 | F13: ='Model SSD_2'!H13 -> 0 | G13: ='Model Excel_2'!H13 -> 300 | H13: ='Model SSD_2'!I13 -> 1300 | I13: ='Model Excel_2'!I13 -> 11100 | J13: ='Model SSD_2'!L13 -> 0 | K13: ='Model Excel_2'!J13 -> 0 | L13: ='Model SSD_2'!M13 -> 1700 | M13: ='Model Excel_2'!K13 -> 700 | N13: ='Model SSD_2'!K13 -> 1000 | O13: ='Model Excel_2'!L13 -> 7000 | P13: ='Model SSD_2'!N13 -> 1000 | Q13: ='Model Excel_2'!M13 -> 0 | R13: ='Model SSD_2'!O13 -> 800 | S13: ='Model Excel_2'!N13 -> 10300 | T13: ='Model SSD_2'!R13 -> 0 | U13: ='Model Excel_2'!O13 -> 0 | V13: ='Model SSD_2'!S13 -> 300 | W13: ='Model Excel_2'!P13 -> 300 | X13: ='Model SSD_2'!Q13 -> 1500 | Y13: ='Model Excel_2'!Q13 -> 9000 | Z13: ='Model SSD_2'!T13 -> 0 | AA13: ='Model Excel_2'!R13 -> 0 | AB13: ='Model SSD_2'!U13 -> 1800 | AC13: ='Model Excel_2'!S13 -> 13800 | AD13: ='Model SSD_2'!Y13 -> 6400 | AE13: ='Model Excel_2'!U13 -> 800 | AF13: ='Model SSD_2'!X13 -> 400 | AG13: ='Model Excel_2'!T13 -> 800 | AH13: ='Model SSD_2'!W13 -> 2000 | AI13: ='Model Excel_2'!V13 -> 2000 | AJ13: ='Model SSD_2'!Z13 -> 2000 | AK13: ='Model Excel_2'!W13 -> 0 | AL13: 11
... A402: 400 | B402: ='Model SSD_2'!F402 -> 1000 | C402: ='Model Excel_2'!F402 -> 1000 | D402: ='Model SSD_2'!G402 -> 2600 | E402: ='Model Excel_2'!G402 -> 1000 | F402: ='Model SSD_2'!H402 -> 500 | G402: ='Model Excel_2'!H402 -> 500 | H402: ='Model SSD_2'!I402 -> 0 | I402: ='Model Excel_2'!I402 -> 5300 | J402: ='Model SSD_2'!L402 -> 0 | K402: ='Model Excel_2'!J402 -> 0 | L402: ='Model SSD_2'!M402 -> 700 | M402: ='Model Excel_2'!K402 -> 6700 | N402: ='Model SSD_2'!K402 -> 1000 | O402: ='Model Excel_2'!L402 -> 1000 | P402: ='Model SSD_2'!N402 -> 0 | Q402: ='Model Excel_2'!M402 -> 1000 | R402: ='Model SSD_2'!O402 -> 800 | S402: ='Model Excel_2'!N402 -> 0 | T402: ='Model SSD_2'!R402 -> 0 | U402: ='Model Excel_2'!O402 -> 0 | V402: ='Model SSD_2'!S402 -> 6300 | W402: ='Model Excel_2'!P402 -> 36300 | X402: ='Model SSD_2'!Q402 -> 1500 | Y402: ='Model Excel_2'!Q402 -> 0 | Z402: ='Model SSD_2'!T402 -> 0 | AA402: ='Model Excel_2'!R402 -> 0 | AB402: ='Model SSD_2'!U402 -> 0 | AC402: ='Model Excel_2'!S402 -> 0 | AD402: ='Model SSD_2'!Y402 -> 9200 | AE402: ='Model Excel_2'!U402 -> 5200 | AF402: ='Model SSD_2'!X402 -> 400 | AG402: ='Model Excel_2'!T402 -> 400 | AH402: ='Model SSD_2'!W402 -> 0 | AI402: ='Model Excel_2'!V402 -> 0 | AJ402: ='Model SSD_2'!Z402 -> 0 | AK402: ='Model Excel_2'!W402 -> 0 | AL402: 400
